case_id,seizure_date,year,month,origin_region,origin_country,destination_country,species,species_category,product_type,iucn_status,quantity,unit,estimated_value_usd,transport_method,seizure_location_type,enforcement_agency,arrests_made,case_status,origin_lat,origin_lon,destination_lat,destination_lon
WLC-0314,01-01-2015,2015,1,Africa,Namibia,Singapore,Grey Parrot,Bird,Live Animal,Endangered,15,live individual,8372.73,Sea,Urban Wildlife Market,Coast Guard Interdiction Unit,0,Released - Insufficient Evidence,-22.9576,18.4904,1.3521,103.8198
WLC-0294,02-01-2015,2015,1,Africa,Zimbabwe,Vietnam,Seahorse,Marine,Traditional Medicine,Vulnerable,1.21,kg,602.83,Land,Land Border Crossing,National Wildlife Crime Unit,5,Case Dismissed,-19.0154,29.1549,14.0583,108.2772
WLC-0307,05-01-2015,2015,1,Latin America,Brazil,Thailand,Hawksbill Turtle,Marine,Shell,Critically Endangered,3.81,kg,1534.98,Sea,Urban Wildlife Market,National Parks & Wildlife Service,3,Case Dismissed,-14.235,-51.9253,15.87,100.9925
WLC-0212,05-01-2015,2015,1,Africa,Mozambique,Qatar,Pangolin (African),Mammal,Bushmeat,Endangered,4,kg,73.47,Sea,Urban Wildlife Market,Coast Guard Interdiction Unit,3,Under Investigation,-18.6657,35.5296,25.3548,51.1839
WLC-0512,07-01-2015,2015,1,Africa,Democratic Republic of Congo,South Korea,African Elephant,Mammal,Ivory,Endangered,5.58,kg,9613.28,Sea,Seaport / Container Terminal,Interpol-supported Joint Operation,0,Convicted,-4.0383,21.7587,35.9078,127.7669
WLC-0422,15-01-2015,2015,1,Asia,Malaysia,China,Agarwood,Plant,Timber,Vulnerable,3.58,kg,423.42,Air,Land Border Crossing,Port Authority Task Force,0,Released - Insufficient Evidence,4.2105,101.9758,35.8617,104.1954
WLC-0103,15-01-2015,2015,1,Asia,Laos,Qatar,Jaguar,Mammal,Skin/Pelt,Near Threatened,7,piece,17528.64,Sea,Land Border Crossing,Customs & Border Protection,0,Under Investigation,19.8563,102.4955,25.3548,51.1839
WLC-0209,16-01-2015,2015,1,Africa,Nigeria,South Korea,Pangolin (Ground),Mammal,Scales,Endangered,11.96,kg,1420.33,Air,International Airport,National Wildlife Crime Unit,3,Released - Insufficient Evidence,9.082,8.6753,35.9078,127.7669
WLC-0393,19-01-2015,2015,1,Africa,Zimbabwe,United Arab Emirates,Pangolin (African),Mammal,Bushmeat,Endangered,0.5,kg,5.52,Air,Urban Wildlife Market,Coast Guard Interdiction Unit,0,Released - Insufficient Evidence,-19.0154,29.1549,23.4241,53.8478
WLC-0117,27-01-2015,2015,1,Latin America,Ecuador,United States,Radiated Tortoise,Reptile,Live Animal,Critically Endangered,24,live individual,12188.13,Sea,Private Residence,Coast Guard Interdiction Unit,1,Closed - No Arrest,-1.8312,-78.1834,37.0902,-95.7129
WLC-0621,01-02-2015,2015,2,Latin America,Brazil,France,Saker Falcon,Bird,Live Animal,Endangered,39,live individual,682272.71,Air,International Airport,Port Authority Task Force,2,Under Investigation,-14.235,-51.9253,46.2276,2.2137
WLC-0302,03-02-2015,2015,2,Africa,Tanzania,Hong Kong SAR,Seahorse,Marine,Traditional Medicine,Vulnerable,10.98,kg,9728.49,Air,Postal/Courier Facility,Coast Guard Interdiction Unit,0,Released - Insufficient Evidence,-6.369,34.8888,22.3193,114.1694
WLC-0890,10-02-2015,2015,2,Africa,Mozambique,United States,African Elephant,Mammal,Ivory,Endangered,0.94,kg,1075.78,Sea,Urban Wildlife Market,National Wildlife Crime Unit,1,Released - Insufficient Evidence,-18.6657,35.5296,37.0902,-95.7129
WLC-0170,17-02-2015,2015,2,Asia,Indonesia,Vietnam,Orchid (Wild),Plant,Live Animal,Vulnerable,4,piece,239.66,Sea,Postal/Courier Facility,Environmental Crime Investigation Bureau,0,Released - Insufficient Evidence,-0.7893,113.9213,14.0583,108.2772
WLC-0694,27-02-2015,2015,2,Asia,Malaysia,Belgium,Seahorse,Marine,Traditional Medicine,Vulnerable,14.29,kg,10438.69,Sea,Land Border Crossing,Port Authority Task Force,3,Prosecuted - Pending Trial,4.2105,101.9758,50.5039,4.4699
WLC-0540,03-03-2015,2015,3,Africa,Mozambique,France,Giant Clam,Marine,Shell,Vulnerable,21,piece,1805.83,Sea,International Airport,National Wildlife Crime Unit,0,Closed - No Arrest,-18.6657,35.5296,46.2276,2.2137
WLC-0460,17-03-2015,2015,3,Asia,Thailand,Hong Kong SAR,Radiated Tortoise,Reptile,Live Animal,Critically Endangered,5,live individual,2035.45,Sea,Seaport / Container Terminal,National Parks & Wildlife Service,3,Under Investigation,15.87,100.9925,22.3193,114.1694
WLC-0852,20-03-2015,2015,3,Asia,Myanmar,South Korea,Totoaba,Marine,Swim Bladder,Critically Endangered,2.25,kg,54636.46,Sea,Seaport / Container Terminal,National Wildlife Crime Unit,0,Under Investigation,21.9162,95.956,35.9078,127.7669
WLC-0144,28-03-2015,2015,3,Africa,Uganda,South Korea,Queen Conch,Marine,Shell,Vulnerable,18,piece,570.07,Sea,Land Border Crossing,National Parks & Wildlife Service,0,Convicted,1.3733,32.2903,35.9078,127.7669
WLC-0600,01-04-2015,2015,4,Africa,Uganda,China,Hawksbill Turtle,Marine,Shell,Critically Endangered,0.5,kg,258.71,Air,Private Residence,National Wildlife Crime Unit,1,Convicted,1.3733,32.2903,35.8617,104.1954
WLC-0395,05-04-2015,2015,4,Asia,China,Vietnam,Orchid (Wild),Plant,Live Animal,Vulnerable,9,piece,726.77,Sea,Land Border Crossing,Port Authority Task Force,0,Prosecuted - Pending Trial,35.8617,104.1954,14.0583,108.2772
WLC-0394,07-04-2015,2015,4,Africa,Cameroon,United States,Radiated Tortoise,Reptile,Live Animal,Critically Endangered,14,live individual,4612.56,Sea,International Airport,Environmental Crime Investigation Bureau,0,Under Investigation,7.3697,12.3547,37.0902,-95.7129
WLC-0053,17-04-2015,2015,4,Asia,Thailand,United States,Giant Clam,Marine,Shell,Vulnerable,7,piece,1004.3,Sea,International Airport,National Wildlife Crime Unit,1,Prosecuted - Pending Trial,15.87,100.9925,37.0902,-95.7129
WLC-0442,18-04-2015,2015,4,Africa,Zimbabwe,United States,White Rhino,Mammal,Horn,Near Threatened,8.63,kg,458991.12,Air,Private Residence,Customs & Border Protection,0,Convicted,-19.0154,29.1549,37.0902,-95.7129
WLC-0719,25-04-2015,2015,4,Asia,Indonesia,South Korea,Jaguar,Mammal,Skin/Pelt,Near Threatened,4,piece,5440.95,Land,Land Border Crossing,Customs & Border Protection,1,Under Investigation,-0.7893,113.9213,35.9078,127.7669
WLC-0871,27-04-2015,2015,4,Africa,Mozambique,Germany,Grey Parrot,Bird,Live Animal,Endangered,36,live individual,18191.23,Air,Private Residence,Customs & Border Protection,0,Under Investigation,-18.6657,35.5296,51.1657,10.4515
WLC-0759,28-04-2015,2015,4,Latin America,Peru,China,Giant Clam,Marine,Shell,Vulnerable,18,piece,2617.25,Air,Seaport / Container Terminal,National Wildlife Crime Unit,0,Under Investigation,-9.19,-75.0152,35.8617,104.1954
WLC-0799,05-05-2015,2015,5,Africa,Cameroon,Qatar,Leopard,Mammal,Skin/Pelt,Vulnerable,14,piece,39801.99,Sea,Postal/Courier Facility,Coast Guard Interdiction Unit,2,Prosecuted - Pending Trial,7.3697,12.3547,25.3548,51.1839
WLC-0071,11-05-2015,2015,5,Asia,Malaysia,Thailand,Hawksbill Turtle,Marine,Shell,Critically Endangered,5.4,kg,1931.17,Land,International Airport,National Parks & Wildlife Service,1,Prosecuted - Pending Trial,4.2105,101.9758,15.87,100.9925
WLC-0936,12-05-2015,2015,5,Africa,Democratic Republic of Congo,Belgium,African Elephant,Mammal,Ivory,Endangered,1.74,kg,3098.69,Sea,Private Residence,National Wildlife Crime Unit,0,Convicted,-4.0383,21.7587,50.5039,4.4699
WLC-0774,18-05-2015,2015,5,Africa,South Africa,Japan,Black Rhino,Mammal,Horn,Critically Endangered,30.25,kg,2025508.44,Air,International Airport,Interpol-supported Joint Operation,1,Under Investigation,-30.5595,22.9375,36.2048,138.2529
WLC-0058,20-05-2015,2015,5,Asia,Thailand,China,Agarwood,Plant,Timber,Vulnerable,16.38,kg,3371.77,Air,Private Residence,Customs & Border Protection,0,Convicted,15.87,100.9925,35.8617,104.1954
WLC-0807,20-05-2015,2015,5,Africa,Cameroon,Hong Kong SAR,Helmeted Hornbill,Bird,Trophy,Critically Endangered,4,piece,30412.45,Air,Urban Wildlife Market,Environmental Crime Investigation Bureau,0,Released - Insufficient Evidence,7.3697,12.3547,22.3193,114.1694
WLC-0240,23-05-2015,2015,5,Africa,Democratic Republic of Congo,United States,Pangolin (Ground),Mammal,Scales,Endangered,3.34,kg,894.74,Sea,Highway Checkpoint,Coast Guard Interdiction Unit,4,Under Investigation,-4.0383,21.7587,37.0902,-95.7129
WLC-0673,27-05-2015,2015,5,Africa,Zimbabwe,France,African Elephant,Mammal,Ivory,Endangered,3.62,kg,7686.51,Air,International Airport,Coast Guard Interdiction Unit,5,Case Dismissed,-19.0154,29.1549,46.2276,2.2137
WLC-0463,03-06-2015,2015,6,Africa,Gabon,United States,Indian Star Tortoise,Reptile,Live Animal,Vulnerable,15,live individual,1389.93,Air,Seaport / Container Terminal,Customs & Border Protection,0,Closed - No Arrest,-0.8037,11.6094,37.0902,-95.7129
WLC-0872,10-06-2015,2015,6,Africa,Democratic Republic of Congo,China,African Elephant,Mammal,Ivory,Endangered,2.21,kg,4170.95,Sea,Private Residence,Interpol-supported Joint Operation,0,Closed - No Arrest,-4.0383,21.7587,35.8617,104.1954
WLC-0788,12-06-2015,2015,6,Latin America,Brazil,France,Tiger,Mammal,Bones,Endangered,0.85,kg,3368.25,Air,Private Residence,Port Authority Task Force,1,Closed - No Arrest,-14.235,-51.9253,46.2276,2.2137
WLC-0931,13-06-2015,2015,6,Africa,Democratic Republic of Congo,United Kingdom,Totoaba,Marine,Swim Bladder,Critically Endangered,0.83,kg,18524.53,Air,Land Border Crossing,Customs & Border Protection,3,Released - Insufficient Evidence,-4.0383,21.7587,55.3781,-3.436
WLC-0877,17-06-2015,2015,6,Asia,Indonesia,Hong Kong SAR,Indian Star Tortoise,Reptile,Live Animal,Vulnerable,24,live individual,2656.16,Sea,Postal/Courier Facility,Port Authority Task Force,1,Under Investigation,-0.7893,113.9213,22.3193,114.1694
WLC-0329,21-06-2015,2015,6,Africa,South Africa,Singapore,Hawksbill Turtle,Marine,Shell,Critically Endangered,7.89,kg,4533.12,Air,International Airport,Environmental Crime Investigation Bureau,1,Prosecuted - Pending Trial,-30.5595,22.9375,1.3521,103.8198
WLC-0201,28-06-2015,2015,6,Africa,Madagascar,South Korea,Green Sea Turtle,Marine,Shell,Endangered,6.46,kg,2848.05,Sea,Highway Checkpoint,Coast Guard Interdiction Unit,1,Closed - No Arrest,-18.7669,46.8691,35.9078,127.7669
WLC-0182,28-06-2015,2015,6,Africa,Madagascar,France,Ginseng (Wild),Plant,Traditional Medicine,Endangered,5.11,kg,6019.17,Sea,Postal/Courier Facility,Environmental Crime Investigation Bureau,2,Closed - No Arrest,-18.7669,46.8691,46.2276,2.2137
WLC-0357,08-07-2015,2015,7,Africa,Nigeria,China,Jaguar,Mammal,Skin/Pelt,Near Threatened,12,piece,24861.62,Air,Postal/Courier Facility,Customs & Border Protection,0,Under Investigation,9.082,8.6753,35.8617,104.1954
WLC-0461,13-07-2015,2015,7,Africa,Madagascar,Japan,African Elephant,Mammal,Ivory,Endangered,3.6,kg,3255.59,Sea,Postal/Courier Facility,National Wildlife Crime Unit,2,Under Investigation,-18.7669,46.8691,36.2048,138.2529
WLC-0534,18-07-2015,2015,7,Asia,China,Qatar,Hawksbill Turtle,Marine,Shell,Critically Endangered,12.5,kg,5680.85,Land,Seaport / Container Terminal,Interpol-supported Joint Operation,0,Convicted,35.8617,104.1954,25.3548,51.1839
WLC-0455,20-07-2015,2015,7,Africa,Zimbabwe,Singapore,Ginseng (Wild),Plant,Traditional Medicine,Endangered,1.79,kg,1135.81,Sea,Highway Checkpoint,National Parks & Wildlife Service,4,Convicted,-19.0154,29.1549,1.3521,103.8198
WLC-0169,02-08-2015,2015,8,Asia,Vietnam,France,African Elephant,Mammal,Ivory,Endangered,6.87,kg,7824.6,Air,Private Residence,Interpol-supported Joint Operation,2,Under Investigation,14.0583,108.2772,46.2276,2.2137
WLC-0926,03-09-2015,2015,9,Africa,Uganda,Japan,Helmeted Hornbill,Bird,Trophy,Critically Endangered,17,piece,89627.91,Air,Private Residence,Interpol-supported Joint Operation,5,Convicted,1.3733,32.2903,36.2048,138.2529
WLC-0813,19-09-2015,2015,9,Africa,Gabon,Qatar,Totoaba,Marine,Swim Bladder,Critically Endangered,2.4,kg,47610.53,Air,International Airport,Environmental Crime Investigation Bureau,4,Under Investigation,-0.8037,11.6094,25.3548,51.1839
WLC-0775,09-10-2015,2015,10,Africa,Mozambique,Qatar,Rosewood,Plant,Timber,Endangered,3.19,kg,5.97,Sea,Urban Wildlife Market,National Wildlife Crime Unit,0,Under Investigation,-18.6657,35.5296,25.3548,51.1839
WLC-0723,16-10-2015,2015,10,Asia,China,United Kingdom,Saker Falcon,Bird,Live Animal,Endangered,1,live individual,20127.5,Sea,Land Border Crossing,National Parks & Wildlife Service,0,Prosecuted - Pending Trial,35.8617,104.1954,55.3781,-3.436
WLC-0938,17-10-2015,2015,10,Asia,Vietnam,Singapore,African Lion,Mammal,Bones,Vulnerable,2.24,kg,2901.77,Sea,Postal/Courier Facility,Customs & Border Protection,4,Under Investigation,14.0583,108.2772,1.3521,103.8198
WLC-0557,24-10-2015,2015,10,Africa,Madagascar,United Kingdom,Helmeted Hornbill,Bird,Trophy,Critically Endangered,11,piece,42826.03,Air,Land Border Crossing,National Wildlife Crime Unit,2,Convicted,-18.7669,46.8691,55.3781,-3.436
WLC-0154,27-10-2015,2015,10,Asia,Thailand,Japan,Tiger,Mammal,Skin/Pelt,Endangered,11,piece,121315.94,Sea,Land Border Crossing,Port Authority Task Force,0,Prosecuted - Pending Trial,15.87,100.9925,36.2048,138.2529
WLC-0884,09-11-2015,2015,11,Africa,Kenya,Hong Kong SAR,Leopard,Mammal,Skin/Pelt,Vulnerable,15,piece,30240.2,Sea,Land Border Crossing,Coast Guard Interdiction Unit,3,Convicted,-0.0236,37.9062,22.3193,114.1694
WLC-0942,14-11-2015,2015,11,Africa,Nigeria,United States,Seahorse,Marine,Traditional Medicine,Vulnerable,3.89,kg,3085.58,Sea,Land Border Crossing,National Parks & Wildlife Service,1,Under Investigation,9.082,8.6753,37.0902,-95.7129
WLC-0671,16-11-2015,2015,11,Africa,South Africa,Germany,Seahorse,Marine,Traditional Medicine,Vulnerable,6.95,kg,3647.96,Postal/Courier,International Airport,Customs & Border Protection,1,Under Investigation,-30.5595,22.9375,51.1657,10.4515
WLC-0683,24-11-2015,2015,11,Africa,Democratic Republic of Congo,Hong Kong SAR,Saltwater Crocodile,Reptile,Skin/Pelt,Least Concern,13,piece,4865.99,Postal/Courier,Urban Wildlife Market,Coast Guard Interdiction Unit,2,Convicted,-4.0383,21.7587,22.3193,114.1694
WLC-0911,02-12-2015,2015,12,Africa,Mozambique,China,Totoaba,Marine,Swim Bladder,Critically Endangered,0.59,kg,10410.7,Air,Land Border Crossing,National Parks & Wildlife Service,3,Under Investigation,-18.6657,35.5296,35.8617,104.1954
WLC-0932,04-12-2015,2015,12,Africa,Namibia,Belgium,Queen Conch,Marine,Shell,Vulnerable,10,piece,472.46,Postal/Courier,International Airport,National Parks & Wildlife Service,0,Convicted,-22.9576,18.4904,50.5039,4.4699
WLC-0157,04-12-2015,2015,12,Africa,Democratic Republic of Congo,France,Timber Rattlesnake,Reptile,Live Animal,Least Concern,33,live individual,2978.8,Land,Seaport / Container Terminal,Port Authority Task Force,0,Under Investigation,-4.0383,21.7587,46.2276,2.2137
WLC-0879,05-12-2015,2015,12,Africa,Democratic Republic of Congo,Thailand,Pangolin (African),Mammal,Bushmeat,Endangered,7.48,kg,90.08,Air,Highway Checkpoint,Interpol-supported Joint Operation,3,Released - Insufficient Evidence,-4.0383,21.7587,15.87,100.9925
WLC-0246,09-12-2015,2015,12,Latin America,Ecuador,Japan,Totoaba,Marine,Swim Bladder,Critically Endangered,3.9,kg,92625.66,Sea,Private Residence,Environmental Crime Investigation Bureau,4,Under Investigation,-1.8312,-78.1834,36.2048,138.2529
WLC-0900,09-12-2015,2015,12,Africa,Nigeria,United Kingdom,Pangolin (Sunda),Mammal,Scales,Critically Endangered,1.05,kg,143.1,Air,Seaport / Container Terminal,Port Authority Task Force,0,Under Investigation,9.082,8.6753,55.3781,-3.436
WLC-0155,13-12-2015,2015,12,Latin America,Peru,Hong Kong SAR,Indian Star Tortoise,Reptile,Live Animal,Vulnerable,30,live individual,4851.74,Land,Seaport / Container Terminal,National Parks & Wildlife Service,3,Under Investigation,-9.19,-75.0152,22.3193,114.1694
WLC-0658,16-12-2015,2015,12,Latin America,Bolivia,United Kingdom,Bushmeat (mixed species),Mammal,Bushmeat,Vulnerable,6.79,kg,45.05,Air,Seaport / Container Terminal,Port Authority Task Force,1,Convicted,-16.2902,-63.5887,55.3781,-3.436
WLC-0298,01-01-2016,2016,1,Africa,Gabon,Japan,Pangolin (Ground),Mammal,Scales,Endangered,1.35,kg,274.75,Sea,International Airport,Coast Guard Interdiction Unit,3,Prosecuted - Pending Trial,-0.8037,11.6094,36.2048,138.2529
WLC-0068,09-01-2016,2016,1,Africa,Namibia,Germany,African Lion,Mammal,Bones,Vulnerable,4.53,kg,7813.41,Air,Private Residence,Coast Guard Interdiction Unit,0,Convicted,-22.9576,18.4904,51.1657,10.4515
WLC-0263,10-01-2016,2016,1,Latin America,Ecuador,Germany,Indian Star Tortoise,Reptile,Live Animal,Vulnerable,35,live individual,3849.05,Air,Land Border Crossing,Customs & Border Protection,4,Convicted,-1.8312,-78.1834,51.1657,10.4515
WLC-0127,11-01-2016,2016,1,Africa,Madagascar,Belgium,Indian Star Tortoise,Reptile,Live Animal,Vulnerable,30,live individual,4548.44,Postal/Courier,Seaport / Container Terminal,Interpol-supported Joint Operation,1,Prosecuted - Pending Trial,-18.7669,46.8691,50.5039,4.4699
WLC-0295,23-01-2016,2016,1,Africa,Cameroon,Vietnam,Reticulated Python,Reptile,Skin/Pelt,Least Concern,23,piece,2390.8,Land,Highway Checkpoint,Customs & Border Protection,0,Under Investigation,7.3697,12.3547,14.0583,108.2772
WLC-0416,23-01-2016,2016,1,Africa,Gabon,United States,Pangolin (African),Mammal,Bushmeat,Endangered,4.71,kg,60.27,Air,International Airport,National Wildlife Crime Unit,2,Under Investigation,-0.8037,11.6094,37.0902,-95.7129
WLC-0124,24-01-2016,2016,1,Latin America,Mexico,France,Indian Star Tortoise,Reptile,Live Animal,Vulnerable,22,live individual,4661.88,Air,Highway Checkpoint,Port Authority Task Force,0,Closed - No Arrest,23.6345,-102.5528,46.2276,2.2137
WLC-0177,28-01-2016,2016,1,Latin America,Colombia,United Arab Emirates,Tiger,Mammal,Skin/Pelt,Endangered,15,piece,172080.41,Land,Private Residence,Environmental Crime Investigation Bureau,0,Case Dismissed,4.5709,-74.2973,23.4241,53.8478
WLC-0736,05-02-2016,2016,2,Africa,Mozambique,Qatar,Helmeted Hornbill,Bird,Trophy,Critically Endangered,18,piece,110727.01,Land,Urban Wildlife Market,National Wildlife Crime Unit,2,Prosecuted - Pending Trial,-18.6657,35.5296,25.3548,51.1839
WLC-0257,06-02-2016,2016,2,Africa,Kenya,United States,Indian Star Tortoise,Reptile,Live Animal,Vulnerable,4,live individual,656.13,Sea,Postal/Courier Facility,Interpol-supported Joint Operation,0,Under Investigation,-0.0236,37.9062,37.0902,-95.7129
WLC-0546,06-02-2016,2016,2,Asia,Vietnam,Hong Kong SAR,Palm Cockatoo,Bird,Live Animal,Vulnerable,11,live individual,33944.58,Sea,Private Residence,Coast Guard Interdiction Unit,0,Convicted,14.0583,108.2772,22.3193,114.1694
WLC-0086,06-02-2016,2016,2,Latin America,Brazil,Belgium,Pangolin (Ground),Mammal,Scales,Endangered,2.77,kg,519.32,Land,Urban Wildlife Market,National Parks & Wildlife Service,1,Convicted,-14.235,-51.9253,50.5039,4.4699
WLC-0876,11-02-2016,2016,2,Africa,Nigeria,Japan,Palm Cockatoo,Bird,Live Animal,Vulnerable,16,live individual,40481.68,Land,Private Residence,Port Authority Task Force,0,Case Dismissed,9.082,8.6753,36.2048,138.2529
WLC-0048,12-02-2016,2016,2,Africa,Uganda,South Korea,Saltwater Crocodile,Reptile,Skin/Pelt,Least Concern,17,piece,5001.4,Sea,Urban Wildlife Market,National Parks & Wildlife Service,0,Under Investigation,1.3733,32.2903,35.9078,127.7669
WLC-0625,15-02-2016,2016,2,Africa,Democratic Republic of Congo,Singapore,Black Rhino,Mammal,Horn,Critically Endangered,0.8,kg,73305.62,Air,Seaport / Container Terminal,Customs & Border Protection,0,Under Investigation,-4.0383,21.7587,1.3521,103.8198
WLC-0441,21-02-2016,2016,2,Asia,Philippines,Hong Kong SAR,Tiger,Mammal,Skin/Pelt,Endangered,23,piece,252596.27,Postal/Courier,Private Residence,Customs & Border Protection,0,Prosecuted - Pending Trial,12.8797,121.774,22.3193,114.1694
WLC-0515,26-02-2016,2016,2,Africa,Tanzania,South Korea,Pangolin (African),Mammal,Bushmeat,Endangered,5.12,kg,102.19,Land,Private Residence,National Wildlife Crime Unit,1,Released - Insufficient Evidence,-6.369,34.8888,35.9078,127.7669
WLC-0751,27-02-2016,2016,2,Africa,Zimbabwe,United Arab Emirates,Jaguar,Mammal,Skin/Pelt,Near Threatened,4,piece,8726.71,Land,Postal/Courier Facility,Interpol-supported Joint Operation,0,Released - Insufficient Evidence,-19.0154,29.1549,23.4241,53.8478
WLC-0922,01-03-2016,2016,3,Africa,Gabon,South Korea,African Blackwood,Plant,Timber,Near Threatened,7.04,kg,36.9,Sea,Highway Checkpoint,Customs & Border Protection,5,Under Investigation,-0.8037,11.6094,35.9078,127.7669
WLC-0050,14-03-2016,2016,3,Africa,Democratic Republic of Congo,United States,Saltwater Crocodile,Reptile,Skin/Pelt,Least Concern,16,piece,3451.41,Land,Highway Checkpoint,Customs & Border Protection,1,Convicted,-4.0383,21.7587,37.0902,-95.7129
WLC-0272,15-03-2016,2016,3,Africa,Madagascar,United States,Saker Falcon,Bird,Live Animal,Endangered,35,live individual,684891.03,Air,Private Residence,Interpol-supported Joint Operation,2,Convicted,-18.7669,46.8691,37.0902,-95.7129
WLC-0292,24-03-2016,2016,3,Asia,Laos,United States,Timber Rattlesnake,Reptile,Live Animal,Least Concern,19,live individual,1583.99,Sea,Seaport / Container Terminal,National Wildlife Crime Unit,2,Under Investigation,19.8563,102.4955,37.0902,-95.7129
WLC-0887,03-04-2016,2016,4,Africa,Gabon,Belgium,Pangolin (African),Mammal,Bushmeat,Endangered,4.2,kg,44.08,Air,International Airport,Coast Guard Interdiction Unit,2,Released - Insufficient Evidence,-0.8037,11.6094,50.5039,4.4699
WLC-0082,07-04-2016,2016,4,Africa,Democratic Republic of Congo,South Korea,African Lion,Mammal,Bones,Vulnerable,4.26,kg,7597,Land,International Airport,Environmental Crime Investigation Bureau,5,Closed - No Arrest,-4.0383,21.7587,35.9078,127.7669
WLC-0136,07-04-2016,2016,4,Africa,South Africa,Thailand,Leopard,Mammal,Skin/Pelt,Vulnerable,13,piece,40213.61,Land,Urban Wildlife Market,National Parks & Wildlife Service,0,Prosecuted - Pending Trial,-30.5595,22.9375,15.87,100.9925
WLC-0094,08-04-2016,2016,4,Africa,Namibia,Thailand,Helmeted Hornbill,Bird,Trophy,Critically Endangered,23,piece,113437.7,Air,Postal/Courier Facility,Coast Guard Interdiction Unit,2,Under Investigation,-22.9576,18.4904,15.87,100.9925
WLC-0545,10-04-2016,2016,4,Africa,Tanzania,Germany,African Elephant,Mammal,Ivory,Endangered,1.45,kg,1927.17,Air,Urban Wildlife Market,Coast Guard Interdiction Unit,0,Under Investigation,-6.369,34.8888,51.1657,10.4515
WLC-0670,13-04-2016,2016,4,Africa,Uganda,Vietnam,Pangolin (Ground),Mammal,Scales,Endangered,5.96,kg,965.81,Sea,Highway Checkpoint,Port Authority Task Force,5,Convicted,1.3733,32.2903,14.0583,108.2772
WLC-0199,27-04-2016,2016,4,Africa,Kenya,Vietnam,Grey Parrot,Bird,Live Animal,Endangered,26,live individual,14240.08,Air,Postal/Courier Facility,Port Authority Task Force,4,Released - Insufficient Evidence,-0.0236,37.9062,14.0583,108.2772
WLC-0337,18-05-2016,2016,5,Latin America,Colombia,Vietnam,Agarwood,Plant,Timber,Vulnerable,1.39,kg,167.54,Land,Postal/Courier Facility,Customs & Border Protection,1,Closed - No Arrest,4.5709,-74.2973,14.0583,108.2772
WLC-0543,28-05-2016,2016,5,Asia,Thailand,Vietnam,Indian Star Tortoise,Reptile,Live Animal,Vulnerable,22,live individual,4460.43,Sea,Seaport / Container Terminal,National Parks & Wildlife Service,1,Closed - No Arrest,15.87,100.9925,14.0583,108.2772
WLC-0052,28-05-2016,2016,5,Latin America,Ecuador,United Arab Emirates,Indian Star Tortoise,Reptile,Live Animal,Vulnerable,20,live individual,4095.74,Land,Urban Wildlife Market,National Parks & Wildlife Service,1,Convicted,-1.8312,-78.1834,23.4241,53.8478
WLC-0826,03-06-2016,2016,6,Latin America,Mexico,United Kingdom,Seahorse,Marine,Traditional Medicine,Vulnerable,0.5,kg,207.62,Air,Land Border Crossing,Coast Guard Interdiction Unit,4,Convicted,23.6345,-102.5528,55.3781,-3.436
WLC-0146,04-06-2016,2016,6,Asia,Philippines,Vietnam,Radiated Tortoise,Reptile,Live Animal,Critically Endangered,39,live individual,19533.32,Sea,Highway Checkpoint,National Wildlife Crime Unit,0,Released - Insufficient Evidence,12.8797,121.774,14.0583,108.2772
WLC-0588,06-06-2016,2016,6,Africa,Namibia,Japan,Grey Parrot,Bird,Live Animal,Endangered,5,live individual,3323.82,Air,Postal/Courier Facility,Customs & Border Protection,1,Under Investigation,-22.9576,18.4904,36.2048,138.2529
WLC-0502,08-06-2016,2016,6,Asia,Malaysia,United Arab Emirates,African Elephant,Mammal,Ivory,Endangered,5.17,kg,7274.22,Land,Private Residence,National Parks & Wildlife Service,2,Under Investigation,4.2105,101.9758,23.4241,53.8478
WLC-0255,19-06-2016,2016,6,Africa,Cameroon,United States,Saltwater Crocodile,Reptile,Skin/Pelt,Least Concern,18,piece,4827.4,Sea,Land Border Crossing,Port Authority Task Force,1,Under Investigation,7.3697,12.3547,37.0902,-95.7129
WLC-0231,26-06-2016,2016,6,Africa,Tanzania,Vietnam,Tiger,Mammal,Bones,Endangered,3.9,kg,23152.56,Sea,Highway Checkpoint,Port Authority Task Force,0,Prosecuted - Pending Trial,-6.369,34.8888,14.0583,108.2772
WLC-0464,04-07-2016,2016,7,Latin America,Peru,South Korea,Pangolin (African),Mammal,Bushmeat,Endangered,0.76,kg,10.69,Sea,International Airport,Coast Guard Interdiction Unit,0,Prosecuted - Pending Trial,-9.19,-75.0152,35.9078,127.7669
WLC-0486,19-07-2016,2016,7,Africa,Cameroon,Germany,Tiger,Mammal,Bones,Endangered,7.97,kg,50448.08,Air,Highway Checkpoint,Customs & Border Protection,0,Released - Insufficient Evidence,7.3697,12.3547,51.1657,10.4515
WLC-0259,20-07-2016,2016,7,Africa,Zimbabwe,France,Giant Clam,Marine,Shell,Vulnerable,8,piece,521.47,Sea,Private Residence,Coast Guard Interdiction Unit,4,Convicted,-19.0154,29.1549,46.2276,2.2137
WLC-0741,21-07-2016,2016,7,Africa,Cameroon,Germany,Black Rhino,Mammal,Horn,Critically Endangered,6.78,kg,592846.76,Air,Land Border Crossing,Environmental Crime Investigation Bureau,0,Prosecuted - Pending Trial,7.3697,12.3547,51.1657,10.4515
WLC-0903,21-07-2016,2016,7,Latin America,Peru,China,Reticulated Python,Reptile,Skin/Pelt,Least Concern,3,piece,280.51,Air,Postal/Courier Facility,Port Authority Task Force,3,Prosecuted - Pending Trial,-9.19,-75.0152,35.8617,104.1954
WLC-0056,23-07-2016,2016,7,Africa,Tanzania,Japan,African Elephant,Mammal,Ivory,Endangered,8.12,kg,12405.04,Sea,International Airport,National Parks & Wildlife Service,5,Prosecuted - Pending Trial,-6.369,34.8888,36.2048,138.2529
WLC-0581,01-08-2016,2016,8,Africa,Kenya,Hong Kong SAR,Leopard,Mammal,Skin/Pelt,Vulnerable,3,piece,9256.31,Air,Seaport / Container Terminal,Interpol-supported Joint Operation,0,Convicted,-0.0236,37.9062,22.3193,114.1694
WLC-0897,04-08-2016,2016,8,Asia,India,Qatar,Seahorse,Marine,Traditional Medicine,Vulnerable,5.74,kg,2570.06,Sea,International Airport,National Parks & Wildlife Service,1,Case Dismissed,20.5937,78.9629,25.3548,51.1839
WLC-0431,09-08-2016,2016,8,Africa,Kenya,Qatar,Totoaba,Marine,Swim Bladder,Critically Endangered,2.24,kg,37965.25,Land,International Airport,Customs & Border Protection,1,Prosecuted - Pending Trial,-0.0236,37.9062,25.3548,51.1839
WLC-0786,10-08-2016,2016,8,Africa,Nigeria,Thailand,Timber Rattlesnake,Reptile,Live Animal,Least Concern,4,live individual,363.25,Sea,International Airport,Port Authority Task Force,2,Under Investigation,9.082,8.6753,15.87,100.9925
WLC-0473,10-08-2016,2016,8,Africa,Democratic Republic of Congo,Hong Kong SAR,Shark (mixed species),Marine,Fins,Endangered,3.73,kg,1186.19,Air,Highway Checkpoint,Environmental Crime Investigation Bureau,4,Prosecuted - Pending Trial,-4.0383,21.7587,22.3193,114.1694
WLC-0346,14-08-2016,2016,8,Asia,China,Belgium,Radiated Tortoise,Reptile,Live Animal,Critically Endangered,19,live individual,9896.55,Postal/Courier,Seaport / Container Terminal,Port Authority Task Force,3,Closed - No Arrest,35.8617,104.1954,50.5039,4.4699
WLC-0757,16-08-2016,2016,8,Africa,Democratic Republic of Congo,South Korea,Green Sea Turtle,Marine,Shell,Endangered,3.8,kg,1260.85,Postal/Courier,Postal/Courier Facility,Interpol-supported Joint Operation,4,Under Investigation,-4.0383,21.7587,35.9078,127.7669
WLC-0035,18-08-2016,2016,8,Asia,Philippines,United Kingdom,Giant Clam,Marine,Shell,Vulnerable,1,piece,145.61,Sea,Postal/Courier Facility,National Parks & Wildlife Service,0,Closed - No Arrest,12.8797,121.774,55.3781,-3.436
WLC-0851,18-08-2016,2016,8,Africa,Nigeria,China,Helmeted Hornbill,Bird,Trophy,Critically Endangered,24,piece,118250.82,Sea,International Airport,Interpol-supported Joint Operation,3,Under Investigation,9.082,8.6753,35.8617,104.1954
WLC-0219,20-08-2016,2016,8,Asia,Laos,Singapore,Palm Cockatoo,Bird,Live Animal,Vulnerable,31,live individual,104884.27,Sea,Urban Wildlife Market,National Wildlife Crime Unit,1,Closed - No Arrest,19.8563,102.4955,1.3521,103.8198
WLC-0434,22-08-2016,2016,8,Asia,Vietnam,Hong Kong SAR,Indian Star Tortoise,Reptile,Live Animal,Vulnerable,23,live individual,2759,Sea,Land Border Crossing,Coast Guard Interdiction Unit,2,Prosecuted - Pending Trial,14.0583,108.2772,22.3193,114.1694
WLC-0406,23-08-2016,2016,8,Asia,Laos,Japan,Pangolin (Ground),Mammal,Scales,Endangered,6.35,kg,1704.36,Air,Postal/Courier Facility,National Parks & Wildlife Service,0,Under Investigation,19.8563,102.4955,36.2048,138.2529
WLC-0660,28-08-2016,2016,8,Africa,Zimbabwe,United States,Rosewood,Plant,Timber,Endangered,5.27,kg,16.55,Air,Private Residence,National Wildlife Crime Unit,2,Under Investigation,-19.0154,29.1549,37.0902,-95.7129
WLC-0260,01-09-2016,2016,9,Africa,Gabon,Thailand,Pangolin (Ground),Mammal,Scales,Endangered,14.96,kg,1699.22,Air,Urban Wildlife Market,Customs & Border Protection,2,Closed - No Arrest,-0.8037,11.6094,15.87,100.9925
WLC-0072,02-09-2016,2016,9,Africa,Cameroon,South Korea,African Elephant,Mammal,Ivory,Endangered,22.24,kg,29538.21,Sea,International Airport,Customs & Border Protection,4,Convicted,7.3697,12.3547,35.9078,127.7669
WLC-0101,04-09-2016,2016,9,Africa,South Africa,Japan,Timber Rattlesnake,Reptile,Live Animal,Least Concern,22,live individual,3134.78,Sea,Urban Wildlife Market,National Wildlife Crime Unit,5,Closed - No Arrest,-30.5595,22.9375,36.2048,138.2529
WLC-0014,16-09-2016,2016,9,Africa,Madagascar,Thailand,Reticulated Python,Reptile,Skin/Pelt,Least Concern,7,piece,846.51,Sea,Land Border Crossing,National Wildlife Crime Unit,4,Under Investigation,-18.7669,46.8691,15.87,100.9925
WLC-0278,16-09-2016,2016,9,Africa,Madagascar,Hong Kong SAR,Helmeted Hornbill,Bird,Trophy,Critically Endangered,20,piece,121051.33,Air,Seaport / Container Terminal,Port Authority Task Force,0,Under Investigation,-18.7669,46.8691,22.3193,114.1694
WLC-0541,03-10-2016,2016,10,Africa,Gabon,Singapore,Orchid (Wild),Plant,Live Animal,Vulnerable,3,piece,139.09,Sea,Private Residence,National Parks & Wildlife Service,0,Convicted,-0.8037,11.6094,1.3521,103.8198
WLC-0520,07-10-2016,2016,10,Africa,South Africa,France,White Rhino,Mammal,Horn,Near Threatened,10.12,kg,616944.24,Air,Postal/Courier Facility,Port Authority Task Force,4,Closed - No Arrest,-30.5595,22.9375,46.2276,2.2137
WLC-0126,09-10-2016,2016,10,Latin America,Peru,United States,Radiated Tortoise,Reptile,Live Animal,Critically Endangered,4,live individual,1885.82,Land,Postal/Courier Facility,Port Authority Task Force,5,Released - Insufficient Evidence,-9.19,-75.0152,37.0902,-95.7129
WLC-0863,09-10-2016,2016,10,Africa,Zimbabwe,China,Ginseng (Wild),Plant,Traditional Medicine,Endangered,2.17,kg,1374.44,Air,Urban Wildlife Market,Customs & Border Protection,5,Under Investigation,-19.0154,29.1549,35.8617,104.1954
WLC-0017,11-10-2016,2016,10,Asia,Cambodia,Belgium,Bushmeat (mixed species),Mammal,Bushmeat,Vulnerable,4.55,kg,32.19,Land,Land Border Crossing,Port Authority Task Force,3,Case Dismissed,12.5657,104.991,50.5039,4.4699
WLC-0181,12-10-2016,2016,10,Asia,Thailand,China,Green Sea Turtle,Marine,Shell,Endangered,1.4,kg,260.25,Sea,Highway Checkpoint,Port Authority Task Force,1,Prosecuted - Pending Trial,15.87,100.9925,35.8617,104.1954
WLC-0937,19-10-2016,2016,10,Africa,Madagascar,Thailand,Rosewood,Plant,Timber,Endangered,2.49,kg,7.97,Sea,Urban Wildlife Market,Customs & Border Protection,5,Closed - No Arrest,-18.7669,46.8691,15.87,100.9925
WLC-0503,21-10-2016,2016,10,Latin America,Brazil,United Kingdom,Tiger,Mammal,Bones,Endangered,1.12,kg,4815.25,Sea,Highway Checkpoint,National Parks & Wildlife Service,0,Closed - No Arrest,-14.235,-51.9253,55.3781,-3.436
WLC-0535,02-11-2016,2016,11,Latin America,Mexico,South Korea,Helmeted Hornbill,Bird,Trophy,Critically Endangered,24,piece,87713.83,Land,Highway Checkpoint,Environmental Crime Investigation Bureau,2,Under Investigation,23.6345,-102.5528,35.9078,127.7669
WLC-0734,12-11-2016,2016,11,Asia,Laos,China,Orchid (Wild),Plant,Live Animal,Vulnerable,17,piece,841.04,Air,Land Border Crossing,Interpol-supported Joint Operation,3,Convicted,19.8563,102.4955,35.8617,104.1954
WLC-0381,18-11-2016,2016,11,Africa,South Africa,Japan,Black Rhino,Mammal,Horn,Critically Endangered,1.4,kg,111930.83,Land,International Airport,Port Authority Task Force,0,Prosecuted - Pending Trial,-30.5595,22.9375,36.2048,138.2529
WLC-0100,19-11-2016,2016,11,Asia,Cambodia,France,Queen Conch,Marine,Shell,Vulnerable,23,piece,1206.73,Postal/Courier,Seaport / Container Terminal,National Wildlife Crime Unit,0,Closed - No Arrest,12.5657,104.991,46.2276,2.2137
WLC-0245,24-11-2016,2016,11,Asia,Thailand,United States,Pangolin (African),Mammal,Bushmeat,Endangered,0.5,kg,4.72,Air,Urban Wildlife Market,Customs & Border Protection,0,Released - Insufficient Evidence,15.87,100.9925,37.0902,-95.7129
WLC-0717,01-12-2016,2016,12,Asia,Malaysia,Hong Kong SAR,Pangolin (African),Mammal,Bushmeat,Endangered,3.11,kg,67.43,Sea,Land Border Crossing,Interpol-supported Joint Operation,0,Under Investigation,4.2105,101.9758,22.3193,114.1694
WLC-0755,02-12-2016,2016,12,Asia,Malaysia,Germany,White Rhino,Mammal,Horn,Near Threatened,1.62,kg,93679.58,Air,Urban Wildlife Market,Environmental Crime Investigation Bureau,4,Convicted,4.2105,101.9758,51.1657,10.4515
WLC-0009,03-12-2016,2016,12,Africa,Nigeria,United Kingdom,Bushmeat (mixed species),Mammal,Bushmeat,Vulnerable,2.98,kg,20.77,Sea,Postal/Courier Facility,Environmental Crime Investigation Bureau,2,Prosecuted - Pending Trial,9.082,8.6753,55.3781,-3.436
WLC-0536,06-12-2016,2016,12,Latin America,Ecuador,United Kingdom,Radiated Tortoise,Reptile,Live Animal,Critically Endangered,39,live individual,18980.93,Land,Seaport / Container Terminal,National Parks & Wildlife Service,3,Closed - No Arrest,-1.8312,-78.1834,55.3781,-3.436
WLC-0794,08-12-2016,2016,12,Africa,Mozambique,Singapore,White Rhino,Mammal,Horn,Near Threatened,15.55,kg,878883.59,Sea,Highway Checkpoint,Interpol-supported Joint Operation,1,Convicted,-18.6657,35.5296,1.3521,103.8198
WLC-0818,14-12-2016,2016,12,Africa,Madagascar,Japan,Saltwater Crocodile,Reptile,Skin/Pelt,Least Concern,6,piece,1663.28,Air,Highway Checkpoint,Customs & Border Protection,0,Prosecuted - Pending Trial,-18.7669,46.8691,36.2048,138.2529
WLC-0721,21-12-2016,2016,12,Africa,Uganda,Hong Kong SAR,Saker Falcon,Bird,Live Animal,Endangered,15,live individual,194923.11,Land,Seaport / Container Terminal,Environmental Crime Investigation Bureau,0,Closed - No Arrest,1.3733,32.2903,22.3193,114.1694
WLC-0191,27-12-2016,2016,12,Asia,Indonesia,South Korea,Jaguar,Mammal,Skin/Pelt,Near Threatened,5,piece,11611.69,Land,International Airport,Interpol-supported Joint Operation,3,Prosecuted - Pending Trial,-0.7893,113.9213,35.9078,127.7669
WLC-0629,28-12-2016,2016,12,Asia,Laos,South Korea,African Elephant,Mammal,Ivory,Endangered,2.19,kg,4326.32,Sea,Urban Wildlife Market,Customs & Border Protection,1,Under Investigation,19.8563,102.4955,35.9078,127.7669
WLC-0569,05-01-2017,2017,1,Africa,South Africa,Vietnam,Palm Cockatoo,Bird,Live Animal,Vulnerable,18,live individual,53277.22,Sea,Postal/Courier Facility,National Parks & Wildlife Service,2,Released - Insufficient Evidence,-30.5595,22.9375,14.0583,108.2772
WLC-0250,06-01-2017,2017,1,Africa,Cameroon,China,Shark (mixed species),Marine,Fins,Endangered,1.33,kg,545.49,Sea,Seaport / Container Terminal,National Parks & Wildlife Service,1,Released - Insufficient Evidence,7.3697,12.3547,35.8617,104.1954
WLC-0471,07-01-2017,2017,1,Asia,Laos,Thailand,Jaguar,Mammal,Skin/Pelt,Near Threatened,10,piece,23150.91,Sea,Private Residence,Environmental Crime Investigation Bureau,2,Closed - No Arrest,19.8563,102.4955,15.87,100.9925
WLC-0427,13-01-2017,2017,1,Latin America,Peru,Japan,Agarwood,Plant,Timber,Vulnerable,1.18,kg,182.54,Air,Urban Wildlife Market,Port Authority Task Force,3,Released - Insufficient Evidence,-9.19,-75.0152,36.2048,138.2529
WLC-0458,14-01-2017,2017,1,Africa,Democratic Republic of Congo,Qatar,Giant Clam,Marine,Shell,Vulnerable,15,piece,1273.68,Land,Postal/Courier Facility,Coast Guard Interdiction Unit,2,Under Investigation,-4.0383,21.7587,25.3548,51.1839
WLC-0234,17-01-2017,2017,1,Latin America,Mexico,Hong Kong SAR,Pangolin (African),Mammal,Bushmeat,Endangered,1.18,kg,17.35,Land,Land Border Crossing,National Wildlife Crime Unit,2,Prosecuted - Pending Trial,23.6345,-102.5528,22.3193,114.1694
WLC-0905,18-01-2017,2017,1,Africa,South Africa,South Korea,Seahorse,Marine,Traditional Medicine,Vulnerable,1.08,kg,545.17,Air,Land Border Crossing,Environmental Crime Investigation Bureau,2,Closed - No Arrest,-30.5595,22.9375,35.9078,127.7669
WLC-0402,22-01-2017,2017,1,Asia,Laos,Japan,Jaguar,Mammal,Skin/Pelt,Near Threatened,15,piece,23497.77,Land,Private Residence,National Wildlife Crime Unit,1,Prosecuted - Pending Trial,19.8563,102.4955,36.2048,138.2529
WLC-0387,24-01-2017,2017,1,Asia,Malaysia,Vietnam,African Elephant,Mammal,Ivory,Endangered,1.45,kg,2804.51,Land,Urban Wildlife Market,Customs & Border Protection,4,Convicted,4.2105,101.9758,14.0583,108.2772
WLC-0280,25-01-2017,2017,1,Africa,Democratic Republic of Congo,United Kingdom,African Elephant,Mammal,Ivory,Endangered,8.54,kg,15058.73,Air,Seaport / Container Terminal,Coast Guard Interdiction Unit,2,Case Dismissed,-4.0383,21.7587,55.3781,-3.436
WLC-0306,25-01-2017,2017,1,Africa,Gabon,Vietnam,Shark (mixed species),Marine,Fins,Endangered,1.08,kg,480.66,Sea,Seaport / Container Terminal,Port Authority Task Force,0,Convicted,-0.8037,11.6094,14.0583,108.2772
WLC-0351,25-01-2017,2017,1,Africa,Cameroon,Qatar,Leopard,Mammal,Skin/Pelt,Vulnerable,3,piece,5788.47,Air,Postal/Courier Facility,Customs & Border Protection,2,Under Investigation,7.3697,12.3547,25.3548,51.1839
WLC-0099,01-02-2017,2017,2,Africa,Zimbabwe,Qatar,African Elephant,Mammal,Ivory,Endangered,3.05,kg,5933.33,Land,Postal/Courier Facility,Interpol-supported Joint Operation,0,Prosecuted - Pending Trial,-19.0154,29.1549,25.3548,51.1839
WLC-0147,01-02-2017,2017,2,Africa,Mozambique,United Kingdom,Tiger,Mammal,Bones,Endangered,4.12,kg,29186.99,Air,Seaport / Container Terminal,Environmental Crime Investigation Bureau,3,Under Investigation,-18.6657,35.5296,55.3781,-3.436
WLC-0896,02-02-2017,2017,2,Asia,Thailand,Japan,Queen Conch,Marine,Shell,Vulnerable,5,piece,151.5,Land,Urban Wildlife Market,Port Authority Task Force,2,Case Dismissed,15.87,100.9925,36.2048,138.2529
WLC-0039,02-02-2017,2017,2,Asia,Vietnam,Hong Kong SAR,Seahorse,Marine,Traditional Medicine,Vulnerable,2.43,kg,1887.96,Land,Urban Wildlife Market,National Wildlife Crime Unit,2,Released - Insufficient Evidence,14.0583,108.2772,22.3193,114.1694
WLC-0274,07-02-2017,2017,2,Asia,China,Japan,Indian Star Tortoise,Reptile,Live Animal,Vulnerable,29,live individual,3931.27,Land,Seaport / Container Terminal,National Parks & Wildlife Service,2,Convicted,35.8617,104.1954,36.2048,138.2529
WLC-0568,16-02-2017,2017,2,Latin America,Ecuador,United Arab Emirates,Radiated Tortoise,Reptile,Live Animal,Critically Endangered,26,live individual,12645.97,Land,Postal/Courier Facility,Coast Guard Interdiction Unit,0,Under Investigation,-1.8312,-78.1834,23.4241,53.8478
WLC-0131,17-02-2017,2017,2,Africa,South Africa,United States,Queen Conch,Marine,Shell,Vulnerable,16,piece,515.7,Sea,Postal/Courier Facility,National Parks & Wildlife Service,2,Under Investigation,-30.5595,22.9375,37.0902,-95.7129
WLC-0142,20-02-2017,2017,2,Africa,Nigeria,Hong Kong SAR,Shark (mixed species),Marine,Fins,Endangered,1.5,kg,1090.77,Air,International Airport,Customs & Border Protection,1,Released - Insufficient Evidence,9.082,8.6753,22.3193,114.1694
WLC-0765,21-02-2017,2017,2,Africa,Mozambique,South Korea,White Rhino,Mammal,Horn,Near Threatened,0.94,kg,67452.89,Air,International Airport,National Wildlife Crime Unit,1,Under Investigation,-18.6657,35.5296,35.9078,127.7669
WLC-0891,28-02-2017,2017,2,Africa,Madagascar,Singapore,Giant Clam,Marine,Shell,Vulnerable,13,piece,978.78,Sea,International Airport,National Parks & Wildlife Service,0,Prosecuted - Pending Trial,-18.7669,46.8691,1.3521,103.8198
WLC-0085,09-03-2017,2017,3,Africa,South Africa,China,Palm Cockatoo,Bird,Live Animal,Vulnerable,18,live individual,98366.49,Air,Urban Wildlife Market,Interpol-supported Joint Operation,4,Prosecuted - Pending Trial,-30.5595,22.9375,35.8617,104.1954
WLC-0105,11-03-2017,2017,3,Africa,Zimbabwe,United Arab Emirates,Orchid (Wild),Plant,Live Animal,Vulnerable,8,piece,505.81,Sea,Land Border Crossing,National Parks & Wildlife Service,3,Convicted,-19.0154,29.1549,23.4241,53.8478
WLC-0880,26-03-2017,2017,3,Africa,Kenya,China,Timber Rattlesnake,Reptile,Live Animal,Least Concern,37,live individual,5283.42,Land,Land Border Crossing,National Parks & Wildlife Service,3,Case Dismissed,-0.0236,37.9062,35.8617,104.1954
WLC-0875,28-03-2017,2017,3,Asia,Laos,China,Saker Falcon,Bird,Live Animal,Endangered,34,live individual,522210.51,Air,Private Residence,Interpol-supported Joint Operation,3,Closed - No Arrest,19.8563,102.4955,35.8617,104.1954
WLC-0067,17-04-2017,2017,4,Latin America,Brazil,United States,Leopard,Mammal,Skin/Pelt,Vulnerable,1,piece,2249.46,Sea,Highway Checkpoint,Interpol-supported Joint Operation,1,Released - Insufficient Evidence,-14.235,-51.9253,37.0902,-95.7129
WLC-0325,25-04-2017,2017,4,Asia,Indonesia,Hong Kong SAR,Queen Conch,Marine,Shell,Vulnerable,9,piece,494.37,Sea,Land Border Crossing,Coast Guard Interdiction Unit,0,Under Investigation,-0.7893,113.9213,22.3193,114.1694
WLC-0018,28-04-2017,2017,4,Latin America,Bolivia,Hong Kong SAR,African Lion,Mammal,Bones,Vulnerable,22.11,kg,19579.45,Air,Postal/Courier Facility,National Parks & Wildlife Service,0,Convicted,-16.2902,-63.5887,22.3193,114.1694
WLC-0745,04-05-2017,2017,5,Asia,India,United States,Indian Star Tortoise,Reptile,Live Animal,Vulnerable,33,live individual,5182.76,Sea,Land Border Crossing,National Parks & Wildlife Service,2,Under Investigation,20.5937,78.9629,37.0902,-95.7129
WLC-0918,06-05-2017,2017,5,Africa,Namibia,Qatar,Shark (mixed species),Marine,Fins,Endangered,1.78,kg,998.92,Sea,Seaport / Container Terminal,National Parks & Wildlife Service,0,Under Investigation,-22.9576,18.4904,25.3548,51.1839
WLC-0792,08-05-2017,2017,5,Latin America,Peru,South Korea,Tiger,Mammal,Bones,Endangered,6.72,kg,27385.02,Air,Urban Wildlife Market,Coast Guard Interdiction Unit,1,Released - Insufficient Evidence,-9.19,-75.0152,35.9078,127.7669
WLC-0189,08-05-2017,2017,5,Africa,Kenya,Belgium,Grey Parrot,Bird,Live Animal,Endangered,37,live individual,24160.23,Air,Land Border Crossing,National Wildlife Crime Unit,0,Under Investigation,-0.0236,37.9062,50.5039,4.4699
WLC-0856,08-05-2017,2017,5,Asia,China,South Korea,White Rhino,Mammal,Horn,Near Threatened,6.82,kg,595285.03,Air,Private Residence,Customs & Border Protection,2,Released - Insufficient Evidence,35.8617,104.1954,35.9078,127.7669
WLC-0079,11-05-2017,2017,5,Africa,Cameroon,Thailand,Bushmeat (mixed species),Mammal,Bushmeat,Vulnerable,8.47,kg,65.61,Sea,Urban Wildlife Market,Interpol-supported Joint Operation,2,Closed - No Arrest,7.3697,12.3547,15.87,100.9925
WLC-0362,12-05-2017,2017,5,Asia,Laos,United States,Seahorse,Marine,Traditional Medicine,Vulnerable,0.59,kg,463.82,Sea,Postal/Courier Facility,National Parks & Wildlife Service,0,Case Dismissed,19.8563,102.4955,37.0902,-95.7129
WLC-0350,14-05-2017,2017,5,Asia,India,Vietnam,African Lion,Mammal,Bones,Vulnerable,2.76,kg,3734.27,Land,Private Residence,National Wildlife Crime Unit,1,Under Investigation,20.5937,78.9629,14.0583,108.2772
WLC-0910,20-05-2017,2017,5,Africa,Zimbabwe,Japan,White Rhino,Mammal,Horn,Near Threatened,11.44,kg,581796.33,Sea,Highway Checkpoint,Environmental Crime Investigation Bureau,3,Under Investigation,-19.0154,29.1549,36.2048,138.2529
WLC-0203,20-05-2017,2017,5,Asia,Laos,Japan,Saltwater Crocodile,Reptile,Skin/Pelt,Least Concern,21,piece,4171.87,Air,Land Border Crossing,Interpol-supported Joint Operation,3,Case Dismissed,19.8563,102.4955,36.2048,138.2529
WLC-0929,23-05-2017,2017,5,Africa,Gabon,China,Palm Cockatoo,Bird,Live Animal,Vulnerable,9,live individual,30505.4,Land,Land Border Crossing,National Wildlife Crime Unit,1,Closed - No Arrest,-0.8037,11.6094,35.8617,104.1954
WLC-0180,01-06-2017,2017,6,Africa,Nigeria,Japan,Queen Conch,Marine,Shell,Vulnerable,17,piece,636.72,Air,Land Border Crossing,Environmental Crime Investigation Bureau,2,Under Investigation,9.082,8.6753,36.2048,138.2529
WLC-0161,03-06-2017,2017,6,Asia,China,Vietnam,Grey Parrot,Bird,Live Animal,Endangered,22,live individual,11733.28,Sea,Urban Wildlife Market,Environmental Crime Investigation Bureau,1,Prosecuted - Pending Trial,35.8617,104.1954,14.0583,108.2772
WLC-0438,10-06-2017,2017,6,Latin America,Ecuador,Vietnam,Pangolin (Sunda),Mammal,Scales,Critically Endangered,5.2,kg,882.11,Air,Seaport / Container Terminal,Port Authority Task Force,4,Convicted,-1.8312,-78.1834,14.0583,108.2772
WLC-0326,10-06-2017,2017,6,Africa,Namibia,United Arab Emirates,White Rhino,Mammal,Horn,Near Threatened,1.7,kg,80723.54,Land,Private Residence,Customs & Border Protection,4,Closed - No Arrest,-22.9576,18.4904,23.4241,53.8478
WLC-0834,11-06-2017,2017,6,Africa,Namibia,Vietnam,Tiger,Mammal,Skin/Pelt,Endangered,17,piece,108199.52,Postal/Courier,Land Border Crossing,Customs & Border Protection,5,Under Investigation,-22.9576,18.4904,14.0583,108.2772
WLC-0537,12-06-2017,2017,6,Africa,Kenya,United Kingdom,Pangolin (Ground),Mammal,Scales,Endangered,2.52,kg,677.99,Air,Seaport / Container Terminal,Customs & Border Protection,4,Closed - No Arrest,-0.0236,37.9062,55.3781,-3.436
WLC-0761,13-06-2017,2017,6,Africa,Mozambique,Germany,African Blackwood,Plant,Timber,Near Threatened,1.44,kg,9.99,Sea,Postal/Courier Facility,Coast Guard Interdiction Unit,1,Under Investigation,-18.6657,35.5296,51.1657,10.4515
WLC-0583,14-06-2017,2017,6,Africa,Namibia,Vietnam,Jaguar,Mammal,Skin/Pelt,Near Threatened,21,piece,35641.1,Air,Postal/Courier Facility,Environmental Crime Investigation Bureau,3,Under Investigation,-22.9576,18.4904,14.0583,108.2772
WLC-0449,14-06-2017,2017,6,Africa,Tanzania,Japan,Tiger,Mammal,Skin/Pelt,Endangered,10,piece,64534.97,Air,Postal/Courier Facility,Environmental Crime Investigation Bureau,3,Under Investigation,-6.369,34.8888,36.2048,138.2529
WLC-0780,19-06-2017,2017,6,Latin America,Ecuador,Vietnam,Black Rhino,Mammal,Horn,Critically Endangered,0.88,kg,84178.42,Air,International Airport,Interpol-supported Joint Operation,2,Released - Insufficient Evidence,-1.8312,-78.1834,14.0583,108.2772
WLC-0207,06-07-2017,2017,7,Latin America,Mexico,Qatar,Ginseng (Wild),Plant,Traditional Medicine,Endangered,6.65,kg,4023.41,Air,Land Border Crossing,National Wildlife Crime Unit,0,Closed - No Arrest,23.6345,-102.5528,25.3548,51.1839
WLC-0376,12-07-2017,2017,7,Asia,Myanmar,United States,Shark (mixed species),Marine,Fins,Endangered,10.09,kg,3720.85,Air,Private Residence,Environmental Crime Investigation Bureau,0,Closed - No Arrest,21.9162,95.956,37.0902,-95.7129
WLC-0637,13-07-2017,2017,7,Africa,South Africa,France,Saltwater Crocodile,Reptile,Skin/Pelt,Least Concern,15,piece,4943.39,Sea,Highway Checkpoint,Port Authority Task Force,4,Prosecuted - Pending Trial,-30.5595,22.9375,46.2276,2.2137
WLC-0886,18-07-2017,2017,7,Africa,South Africa,United Kingdom,Saltwater Crocodile,Reptile,Skin/Pelt,Least Concern,3,piece,460.46,Sea,Private Residence,Coast Guard Interdiction Unit,0,Prosecuted - Pending Trial,-30.5595,22.9375,55.3781,-3.436
WLC-0150,19-07-2017,2017,7,Africa,Kenya,Belgium,Rosewood,Plant,Timber,Endangered,0.66,kg,2.65,Sea,International Airport,Port Authority Task Force,2,Prosecuted - Pending Trial,-0.0236,37.9062,50.5039,4.4699
WLC-0214,21-07-2017,2017,7,Africa,Nigeria,Vietnam,African Lion,Mammal,Bones,Vulnerable,6.8,kg,10714.44,Sea,Highway Checkpoint,Port Authority Task Force,3,Closed - No Arrest,9.082,8.6753,14.0583,108.2772
WLC-0604,22-07-2017,2017,7,Asia,Laos,South Korea,Saltwater Crocodile,Reptile,Skin/Pelt,Least Concern,2,piece,561.81,Land,Urban Wildlife Market,National Parks & Wildlife Service,2,Convicted,19.8563,102.4955,35.9078,127.7669
WLC-0349,26-07-2017,2017,7,Africa,Democratic Republic of Congo,Belgium,Tiger,Mammal,Bones,Endangered,4.3,kg,17115.15,Sea,Seaport / Container Terminal,Interpol-supported Joint Operation,3,Prosecuted - Pending Trial,-4.0383,21.7587,50.5039,4.4699
WLC-0611,27-07-2017,2017,7,Africa,Mozambique,Germany,Jaguar,Mammal,Skin/Pelt,Near Threatened,2,piece,4366.33,Sea,Land Border Crossing,National Wildlife Crime Unit,2,Convicted,-18.6657,35.5296,51.1657,10.4515
WLC-0705,02-08-2017,2017,8,Asia,Indonesia,United States,Timber Rattlesnake,Reptile,Live Animal,Least Concern,9,live individual,1321.45,Air,Highway Checkpoint,National Wildlife Crime Unit,0,Convicted,-0.7893,113.9213,37.0902,-95.7129
WLC-0232,02-08-2017,2017,8,Latin America,Bolivia,United Kingdom,Giant Clam,Marine,Shell,Vulnerable,10,piece,1278.11,Sea,Private Residence,Interpol-supported Joint Operation,0,Under Investigation,-16.2902,-63.5887,55.3781,-3.436
WLC-0321,06-08-2017,2017,8,Africa,Democratic Republic of Congo,Vietnam,Queen Conch,Marine,Shell,Vulnerable,11,piece,265.59,Sea,Private Residence,Coast Guard Interdiction Unit,0,Under Investigation,-4.0383,21.7587,14.0583,108.2772
WLC-0841,11-08-2017,2017,8,Africa,South Africa,France,African Lion,Mammal,Bones,Vulnerable,8.14,kg,11727.79,Air,Seaport / Container Terminal,Environmental Crime Investigation Bureau,1,Under Investigation,-30.5595,22.9375,46.2276,2.2137
WLC-0485,13-08-2017,2017,8,Africa,Cameroon,United Kingdom,Green Sea Turtle,Marine,Shell,Endangered,19.9,kg,7598.35,Air,Urban Wildlife Market,Environmental Crime Investigation Bureau,0,Closed - No Arrest,7.3697,12.3547,55.3781,-3.436
WLC-0521,16-08-2017,2017,8,Latin America,Bolivia,Vietnam,Saker Falcon,Bird,Live Animal,Endangered,1,live individual,20080.52,Air,Urban Wildlife Market,Interpol-supported Joint Operation,2,Convicted,-16.2902,-63.5887,14.0583,108.2772
WLC-0132,17-08-2017,2017,8,Africa,Kenya,Japan,Reticulated Python,Reptile,Skin/Pelt,Least Concern,3,piece,278.14,Sea,Highway Checkpoint,Interpol-supported Joint Operation,1,Under Investigation,-0.0236,37.9062,36.2048,138.2529
WLC-0344,19-08-2017,2017,8,Africa,Kenya,United Kingdom,Rosewood,Plant,Timber,Endangered,6.05,kg,16.5,Air,Urban Wildlife Market,Customs & Border Protection,4,Prosecuted - Pending Trial,-0.0236,37.9062,55.3781,-3.436
WLC-0865,21-08-2017,2017,8,Africa,Kenya,South Korea,Ginseng (Wild),Plant,Traditional Medicine,Endangered,1.03,kg,865.93,Postal/Courier,Seaport / Container Terminal,National Wildlife Crime Unit,2,Released - Insufficient Evidence,-0.0236,37.9062,35.9078,127.7669
WLC-0419,23-08-2017,2017,8,Africa,Mozambique,Hong Kong SAR,Agarwood,Plant,Timber,Vulnerable,18.18,kg,2686.38,Air,Urban Wildlife Market,National Wildlife Crime Unit,0,Prosecuted - Pending Trial,-18.6657,35.5296,22.3193,114.1694
WLC-0241,23-08-2017,2017,8,Asia,Cambodia,Germany,Giant Clam,Marine,Shell,Vulnerable,13,piece,1610.18,Sea,Seaport / Container Terminal,Port Authority Task Force,1,Closed - No Arrest,12.5657,104.991,51.1657,10.4515
WLC-0119,24-08-2017,2017,8,Africa,Nigeria,Germany,Ginseng (Wild),Plant,Traditional Medicine,Endangered,0.5,kg,487.28,Sea,Highway Checkpoint,Customs & Border Protection,5,Closed - No Arrest,9.082,8.6753,51.1657,10.4515
WLC-0164,27-08-2017,2017,8,Africa,Cameroon,China,Tiger,Mammal,Skin/Pelt,Endangered,13,piece,65409.15,Sea,International Airport,National Parks & Wildlife Service,2,Under Investigation,7.3697,12.3547,35.8617,104.1954
WLC-0718,28-08-2017,2017,8,Africa,Madagascar,Hong Kong SAR,Queen Conch,Marine,Shell,Vulnerable,3,piece,72.95,Sea,Private Residence,Interpol-supported Joint Operation,0,Closed - No Arrest,-18.7669,46.8691,22.3193,114.1694
WLC-0657,01-09-2017,2017,9,Africa,Kenya,Hong Kong SAR,Tiger,Mammal,Bones,Endangered,3.47,kg,10948.1,Sea,Seaport / Container Terminal,National Parks & Wildlife Service,0,Under Investigation,-0.0236,37.9062,22.3193,114.1694
WLC-0501,14-09-2017,2017,9,Africa,Uganda,Singapore,Palm Cockatoo,Bird,Live Animal,Vulnerable,12,live individual,46975.7,Sea,Private Residence,Port Authority Task Force,0,Under Investigation,1.3733,32.2903,1.3521,103.8198
WLC-0701,14-09-2017,2017,9,Latin America,Brazil,Hong Kong SAR,Seahorse,Marine,Traditional Medicine,Vulnerable,0.95,kg,705.45,Air,Land Border Crossing,National Parks & Wildlife Service,0,Prosecuted - Pending Trial,-14.235,-51.9253,22.3193,114.1694
WLC-0777,19-09-2017,2017,9,Asia,Myanmar,Vietnam,Agarwood,Plant,Timber,Vulnerable,7.42,kg,1454.1,Sea,Highway Checkpoint,Customs & Border Protection,2,Under Investigation,21.9162,95.956,14.0583,108.2772
WLC-0239,21-09-2017,2017,9,Asia,Cambodia,China,African Blackwood,Plant,Timber,Near Threatened,18.01,kg,66.47,Land,Highway Checkpoint,Port Authority Task Force,2,Prosecuted - Pending Trial,12.5657,104.991,35.8617,104.1954
WLC-0747,25-09-2017,2017,9,Latin America,Bolivia,Qatar,Agarwood,Plant,Timber,Vulnerable,4.98,kg,843.69,Sea,Highway Checkpoint,Coast Guard Interdiction Unit,3,Closed - No Arrest,-16.2902,-63.5887,25.3548,51.1839
WLC-0198,26-09-2017,2017,9,Latin America,Brazil,Germany,Bushmeat (mixed species),Mammal,Bushmeat,Vulnerable,1.3,kg,10.47,Air,Urban Wildlife Market,Coast Guard Interdiction Unit,1,Under Investigation,-14.235,-51.9253,51.1657,10.4515
WLC-0620,01-10-2017,2017,10,Asia,India,South Korea,Radiated Tortoise,Reptile,Live Animal,Critically Endangered,31,live individual,15798.66,Sea,Highway Checkpoint,Environmental Crime Investigation Bureau,2,Under Investigation,20.5937,78.9629,35.9078,127.7669
WLC-0401,04-10-2017,2017,10,Asia,Cambodia,United Kingdom,Tiger,Mammal,Skin/Pelt,Endangered,1,piece,8114.85,Sea,Land Border Crossing,National Parks & Wildlife Service,0,Prosecuted - Pending Trial,12.5657,104.991,55.3781,-3.436
WLC-0206,09-10-2017,2017,10,Africa,Democratic Republic of Congo,Singapore,Radiated Tortoise,Reptile,Live Animal,Critically Endangered,33,live individual,10928.78,Land,Seaport / Container Terminal,National Wildlife Crime Unit,0,Prosecuted - Pending Trial,-4.0383,21.7587,1.3521,103.8198
WLC-0698,14-10-2017,2017,10,Africa,Democratic Republic of Congo,Belgium,African Elephant,Mammal,Ivory,Endangered,8.95,kg,14664.12,Air,Postal/Courier Facility,Port Authority Task Force,3,Convicted,-4.0383,21.7587,50.5039,4.4699
WLC-0750,20-10-2017,2017,10,Africa,Zimbabwe,Belgium,African Elephant,Mammal,Ivory,Endangered,3.62,kg,7089.49,Sea,Postal/Courier Facility,Port Authority Task Force,1,Released - Insufficient Evidence,-19.0154,29.1549,50.5039,4.4699
WLC-0523,20-10-2017,2017,10,Africa,Kenya,United States,Pangolin (Sunda),Mammal,Scales,Critically Endangered,11.57,kg,1755.78,Sea,Land Border Crossing,Customs & Border Protection,2,Prosecuted - Pending Trial,-0.0236,37.9062,37.0902,-95.7129
WLC-0244,24-10-2017,2017,10,Africa,Mozambique,Singapore,African Elephant,Mammal,Ivory,Endangered,4.96,kg,9196.04,Air,Land Border Crossing,Interpol-supported Joint Operation,2,Under Investigation,-18.6657,35.5296,1.3521,103.8198
WLC-0930,03-11-2017,2017,11,Africa,Uganda,United Arab Emirates,Timber Rattlesnake,Reptile,Live Animal,Least Concern,7,live individual,1239.76,Sea,Private Residence,Interpol-supported Joint Operation,2,Under Investigation,1.3733,32.2903,23.4241,53.8478
WLC-0883,04-11-2017,2017,11,Latin America,Ecuador,Germany,Black Rhino,Mammal,Horn,Critically Endangered,9.51,kg,653810.16,Air,Urban Wildlife Market,Port Authority Task Force,0,Case Dismissed,-1.8312,-78.1834,51.1657,10.4515
WLC-0076,05-11-2017,2017,11,Africa,Zimbabwe,United Arab Emirates,Orchid (Wild),Plant,Live Animal,Vulnerable,16,piece,1165.75,Air,Seaport / Container Terminal,Port Authority Task Force,0,Closed - No Arrest,-19.0154,29.1549,23.4241,53.8478
WLC-0508,07-11-2017,2017,11,Asia,China,South Korea,Orchid (Wild),Plant,Live Animal,Vulnerable,2,piece,131.45,Sea,International Airport,Environmental Crime Investigation Bureau,5,Case Dismissed,35.8617,104.1954,35.9078,127.7669
WLC-0173,16-11-2017,2017,11,Africa,Namibia,United Kingdom,Rosewood,Plant,Timber,Endangered,0.5,kg,0.96,Sea,Land Border Crossing,Customs & Border Protection,0,Convicted,-22.9576,18.4904,55.3781,-3.436
WLC-0659,24-11-2017,2017,11,Asia,India,Japan,Agarwood,Plant,Timber,Vulnerable,10.68,kg,1098.4,Land,Land Border Crossing,Customs & Border Protection,2,Case Dismissed,20.5937,78.9629,36.2048,138.2529
WLC-0407,24-11-2017,2017,11,Africa,Uganda,Singapore,Shark (mixed species),Marine,Fins,Endangered,6,kg,4166.13,Sea,Urban Wildlife Market,Interpol-supported Joint Operation,0,Prosecuted - Pending Trial,1.3733,32.2903,1.3521,103.8198
WLC-0854,11-12-2017,2017,12,Africa,South Africa,United States,Reticulated Python,Reptile,Skin/Pelt,Least Concern,14,piece,1356.23,Air,Postal/Courier Facility,Interpol-supported Joint Operation,0,Case Dismissed,-30.5595,22.9375,37.0902,-95.7129
WLC-0661,11-12-2017,2017,12,Asia,China,Singapore,Shark (mixed species),Marine,Fins,Endangered,2.97,kg,903.91,Land,Urban Wildlife Market,Environmental Crime Investigation Bureau,1,Under Investigation,35.8617,104.1954,1.3521,103.8198
WLC-0421,11-12-2017,2017,12,Africa,Gabon,Qatar,White Rhino,Mammal,Horn,Near Threatened,29.67,kg,1725061.41,Air,Land Border Crossing,National Wildlife Crime Unit,1,Closed - No Arrest,-0.8037,11.6094,25.3548,51.1839
WLC-0296,15-12-2017,2017,12,Africa,Madagascar,United Kingdom,Jaguar,Mammal,Skin/Pelt,Near Threatened,14,piece,34327.11,Sea,Postal/Courier Facility,Environmental Crime Investigation Bureau,1,Released - Insufficient Evidence,-18.7669,46.8691,55.3781,-3.436
WLC-0148,18-12-2017,2017,12,Africa,Madagascar,Hong Kong SAR,Seahorse,Marine,Traditional Medicine,Vulnerable,4.74,kg,1796.28,Land,Highway Checkpoint,Interpol-supported Joint Operation,0,Convicted,-18.7669,46.8691,22.3193,114.1694
WLC-0846,23-12-2017,2017,12,Asia,Myanmar,Japan,Timber Rattlesnake,Reptile,Live Animal,Least Concern,4,live individual,543.4,Air,International Airport,National Wildlife Crime Unit,1,Under Investigation,21.9162,95.956,36.2048,138.2529
WLC-0530,03-01-2018,2018,1,Africa,Nigeria,United Kingdom,Green Sea Turtle,Marine,Shell,Endangered,4.48,kg,1581.83,Air,Private Residence,Port Authority Task Force,1,Under Investigation,9.082,8.6753,55.3781,-3.436
WLC-0185,06-01-2018,2018,1,Latin America,Colombia,United States,Pangolin (African),Mammal,Bushmeat,Endangered,0.5,kg,7.13,Air,Seaport / Container Terminal,Interpol-supported Joint Operation,1,Closed - No Arrest,4.5709,-74.2973,37.0902,-95.7129
WLC-0640,11-01-2018,2018,1,Asia,Indonesia,United Kingdom,Leopard,Mammal,Skin/Pelt,Vulnerable,15,piece,52332.08,Land,International Airport,National Wildlife Crime Unit,2,Case Dismissed,-0.7893,113.9213,55.3781,-3.436
WLC-0338,12-01-2018,2018,1,Africa,Gabon,Thailand,Saker Falcon,Bird,Live Animal,Endangered,4,live individual,71266.86,Air,Private Residence,Interpol-supported Joint Operation,2,Released - Insufficient Evidence,-0.8037,11.6094,15.87,100.9925
WLC-0915,13-01-2018,2018,1,Africa,South Africa,Thailand,Grey Parrot,Bird,Live Animal,Endangered,35,live individual,19969.82,Land,Highway Checkpoint,Interpol-supported Joint Operation,1,Released - Insufficient Evidence,-30.5595,22.9375,15.87,100.9925
WLC-0864,17-01-2018,2018,1,Asia,China,United Kingdom,Timber Rattlesnake,Reptile,Live Animal,Least Concern,24,live individual,3955.82,Land,Urban Wildlife Market,Environmental Crime Investigation Bureau,3,Under Investigation,35.8617,104.1954,55.3781,-3.436
WLC-0804,18-01-2018,2018,1,Latin America,Peru,Thailand,Black Rhino,Mammal,Horn,Critically Endangered,7.05,kg,320701.6,Air,Private Residence,Interpol-supported Joint Operation,0,Prosecuted - Pending Trial,-9.19,-75.0152,15.87,100.9925
WLC-0732,19-01-2018,2018,1,Africa,South Africa,Singapore,Pangolin (Ground),Mammal,Scales,Endangered,4.5,kg,566.35,Sea,Private Residence,Coast Guard Interdiction Unit,4,Convicted,-30.5595,22.9375,1.3521,103.8198
WLC-0468,21-01-2018,2018,1,Asia,Cambodia,Thailand,Timber Rattlesnake,Reptile,Live Animal,Least Concern,17,live individual,2418.87,Sea,Postal/Courier Facility,Coast Guard Interdiction Unit,2,Under Investigation,12.5657,104.991,15.87,100.9925
WLC-0791,03-02-2018,2018,2,Asia,Indonesia,Vietnam,Indian Star Tortoise,Reptile,Live Animal,Vulnerable,28,live individual,4007.79,Land,Land Border Crossing,Interpol-supported Joint Operation,0,Under Investigation,-0.7893,113.9213,14.0583,108.2772
WLC-0024,05-02-2018,2018,2,Africa,Tanzania,United Kingdom,Seahorse,Marine,Traditional Medicine,Vulnerable,22.23,kg,11728.12,Air,Private Residence,Environmental Crime Investigation Bureau,0,Closed - No Arrest,-6.369,34.8888,55.3781,-3.436
WLC-0450,05-02-2018,2018,2,Africa,Nigeria,Qatar,Indian Star Tortoise,Reptile,Live Animal,Vulnerable,28,live individual,4797.98,Air,Highway Checkpoint,Interpol-supported Joint Operation,0,Under Investigation,9.082,8.6753,25.3548,51.1839
WLC-0179,06-02-2018,2018,2,Asia,Malaysia,Vietnam,Seahorse,Marine,Traditional Medicine,Vulnerable,1.64,kg,715.84,Land,International Airport,National Wildlife Crime Unit,0,Case Dismissed,4.2105,101.9758,14.0583,108.2772
WLC-0443,07-02-2018,2018,2,Asia,Cambodia,United Arab Emirates,Saker Falcon,Bird,Live Animal,Endangered,17,live individual,339326.8,Sea,Seaport / Container Terminal,National Parks & Wildlife Service,4,Closed - No Arrest,12.5657,104.991,23.4241,53.8478
WLC-0773,07-02-2018,2018,2,Asia,Laos,Japan,African Elephant,Mammal,Ivory,Endangered,2.92,kg,2767.26,Sea,Seaport / Container Terminal,Customs & Border Protection,3,Convicted,19.8563,102.4955,36.2048,138.2529
WLC-0763,07-02-2018,2018,2,Africa,Democratic Republic of Congo,Singapore,African Elephant,Mammal,Ivory,Endangered,9.13,kg,12673.88,Air,Highway Checkpoint,Interpol-supported Joint Operation,1,Under Investigation,-4.0383,21.7587,1.3521,103.8198
WLC-0122,15-02-2018,2018,2,Africa,Gabon,Qatar,Palm Cockatoo,Bird,Live Animal,Vulnerable,25,live individual,107002.58,Air,Seaport / Container Terminal,Environmental Crime Investigation Bureau,0,Under Investigation,-0.8037,11.6094,25.3548,51.1839
WLC-0269,16-02-2018,2018,2,Asia,Laos,France,Leopard,Mammal,Skin/Pelt,Vulnerable,11,piece,26232.94,Air,International Airport,Customs & Border Protection,2,Convicted,19.8563,102.4955,46.2276,2.2137
WLC-0046,21-02-2018,2018,2,Africa,Uganda,Japan,Leopard,Mammal,Skin/Pelt,Vulnerable,21,piece,34904.79,Sea,Seaport / Container Terminal,National Wildlife Crime Unit,3,Under Investigation,1.3733,32.2903,36.2048,138.2529
WLC-0505,21-02-2018,2018,2,Africa,Mozambique,Hong Kong SAR,Saker Falcon,Bird,Live Animal,Endangered,21,live individual,352880.23,Land,Postal/Courier Facility,National Parks & Wildlife Service,3,Prosecuted - Pending Trial,-18.6657,35.5296,22.3193,114.1694
WLC-0672,26-02-2018,2018,2,Africa,Cameroon,Hong Kong SAR,Helmeted Hornbill,Bird,Trophy,Critically Endangered,1,piece,5336.42,Sea,Postal/Courier Facility,Port Authority Task Force,3,Closed - No Arrest,7.3697,12.3547,22.3193,114.1694
WLC-0861,27-02-2018,2018,2,Africa,Nigeria,Vietnam,Indian Star Tortoise,Reptile,Live Animal,Vulnerable,18,live individual,2606.65,Sea,Postal/Courier Facility,Port Authority Task Force,2,Under Investigation,9.082,8.6753,14.0583,108.2772
WLC-0456,28-02-2018,2018,2,Africa,Tanzania,United Kingdom,Palm Cockatoo,Bird,Live Animal,Vulnerable,23,live individual,91589.09,Sea,Urban Wildlife Market,National Wildlife Crime Unit,0,Closed - No Arrest,-6.369,34.8888,55.3781,-3.436
WLC-0753,01-03-2018,2018,3,Africa,Kenya,United Arab Emirates,Helmeted Hornbill,Bird,Trophy,Critically Endangered,19,piece,114376.95,Sea,Highway Checkpoint,Port Authority Task Force,3,Prosecuted - Pending Trial,-0.0236,37.9062,23.4241,53.8478
WLC-0631,01-03-2018,2018,3,Asia,India,United Kingdom,Rosewood,Plant,Timber,Endangered,2.3,kg,7.11,Sea,Highway Checkpoint,National Parks & Wildlife Service,1,Under Investigation,20.5937,78.9629,55.3781,-3.436
WLC-0211,10-03-2018,2018,3,Latin America,Brazil,Germany,Reticulated Python,Reptile,Skin/Pelt,Least Concern,20,piece,1673.86,Sea,Land Border Crossing,Port Authority Task Force,1,Convicted,-14.235,-51.9253,51.1657,10.4515
WLC-0125,28-03-2018,2018,3,Africa,Namibia,South Korea,African Elephant,Mammal,Ivory,Endangered,2.11,kg,3030.52,Land,Seaport / Container Terminal,Interpol-supported Joint Operation,1,Under Investigation,-22.9576,18.4904,35.9078,127.7669
WLC-0648,04-04-2018,2018,4,Africa,Uganda,Vietnam,White Rhino,Mammal,Horn,Near Threatened,4.85,kg,383442.27,Land,Seaport / Container Terminal,Coast Guard Interdiction Unit,0,Convicted,1.3733,32.2903,14.0583,108.2772
WLC-0947,05-04-2018,2018,4,Africa,Democratic Republic of Congo,Japan,Tiger,Mammal,Bones,Endangered,0.68,kg,4257.99,Air,Urban Wildlife Market,National Parks & Wildlife Service,1,Released - Insufficient Evidence,-4.0383,21.7587,36.2048,138.2529
WLC-0288,08-04-2018,2018,4,Africa,South Africa,United Kingdom,Helmeted Hornbill,Bird,Trophy,Critically Endangered,9,piece,40382.71,Air,Seaport / Container Terminal,National Wildlife Crime Unit,0,Closed - No Arrest,-30.5595,22.9375,55.3781,-3.436
WLC-0466,09-04-2018,2018,4,Asia,Myanmar,Singapore,Green Sea Turtle,Marine,Shell,Endangered,20.31,kg,6055.53,Air,Postal/Courier Facility,Environmental Crime Investigation Bureau,2,Under Investigation,21.9162,95.956,1.3521,103.8198
WLC-0204,18-04-2018,2018,4,Africa,Gabon,Vietnam,Saker Falcon,Bird,Live Animal,Endangered,4,live individual,51784.82,Land,Private Residence,Customs & Border Protection,5,Case Dismissed,-0.8037,11.6094,14.0583,108.2772
WLC-0412,20-04-2018,2018,4,Africa,Namibia,Singapore,Giant Clam,Marine,Shell,Vulnerable,15,piece,1163.44,Land,Urban Wildlife Market,Customs & Border Protection,0,Under Investigation,-22.9576,18.4904,1.3521,103.8198
WLC-0547,24-04-2018,2018,4,Asia,Philippines,Germany,Saltwater Crocodile,Reptile,Skin/Pelt,Least Concern,16,piece,5706.33,Land,Highway Checkpoint,Port Authority Task Force,2,Released - Insufficient Evidence,12.8797,121.774,51.1657,10.4515
WLC-0111,27-04-2018,2018,4,Africa,Tanzania,United Arab Emirates,Black Rhino,Mammal,Horn,Critically Endangered,2.97,kg,265299.68,Air,International Airport,Customs & Border Protection,1,Prosecuted - Pending Trial,-6.369,34.8888,23.4241,53.8478
WLC-0360,03-05-2018,2018,5,Asia,Cambodia,United Kingdom,Hawksbill Turtle,Marine,Shell,Critically Endangered,3.18,kg,2049.46,Land,Seaport / Container Terminal,Environmental Crime Investigation Bureau,1,Under Investigation,12.5657,104.991,55.3781,-3.436
WLC-0409,06-05-2018,2018,5,Latin America,Bolivia,Hong Kong SAR,Palm Cockatoo,Bird,Live Animal,Vulnerable,2,live individual,6321.65,Sea,Seaport / Container Terminal,Customs & Border Protection,5,Convicted,-16.2902,-63.5887,22.3193,114.1694
WLC-0729,09-05-2018,2018,5,Asia,Laos,United States,Radiated Tortoise,Reptile,Live Animal,Critically Endangered,13,live individual,6746.8,Sea,Postal/Courier Facility,National Wildlife Crime Unit,0,Convicted,19.8563,102.4955,37.0902,-95.7129
WLC-0888,18-05-2018,2018,5,Latin America,Brazil,United Arab Emirates,Saker Falcon,Bird,Live Animal,Endangered,24,live individual,485577.48,Sea,Land Border Crossing,Interpol-supported Joint Operation,3,Prosecuted - Pending Trial,-14.235,-51.9253,23.4241,53.8478
WLC-0702,27-05-2018,2018,5,Africa,Zimbabwe,Belgium,Helmeted Hornbill,Bird,Trophy,Critically Endangered,22,piece,157118.79,Air,Highway Checkpoint,Port Authority Task Force,2,Under Investigation,-19.0154,29.1549,50.5039,4.4699
WLC-0472,06-06-2018,2018,6,Asia,India,South Korea,Agarwood,Plant,Timber,Vulnerable,3.04,kg,533.07,Sea,Postal/Courier Facility,National Parks & Wildlife Service,5,Prosecuted - Pending Trial,20.5937,78.9629,35.9078,127.7669
WLC-0630,06-06-2018,2018,6,Asia,Cambodia,United Arab Emirates,Agarwood,Plant,Timber,Vulnerable,3.47,kg,666.8,Air,International Airport,National Parks & Wildlife Service,2,Under Investigation,12.5657,104.991,23.4241,53.8478
WLC-0120,12-06-2018,2018,6,Africa,Namibia,Vietnam,Seahorse,Marine,Traditional Medicine,Vulnerable,7.61,kg,5058.92,Land,Postal/Courier Facility,National Wildlife Crime Unit,5,Convicted,-22.9576,18.4904,14.0583,108.2772
WLC-0624,17-06-2018,2018,6,Africa,Uganda,France,Rosewood,Plant,Timber,Endangered,2.32,kg,4.34,Sea,Postal/Courier Facility,Interpol-supported Joint Operation,2,Closed - No Arrest,1.3733,32.2903,46.2276,2.2137
WLC-0868,21-06-2018,2018,6,Africa,Namibia,Singapore,Jaguar,Mammal,Skin/Pelt,Near Threatened,21,piece,31004.27,Sea,International Airport,National Wildlife Crime Unit,4,Under Investigation,-22.9576,18.4904,1.3521,103.8198
WLC-0722,22-06-2018,2018,6,Africa,Nigeria,Hong Kong SAR,Tiger,Mammal,Skin/Pelt,Endangered,10,piece,89669.63,Sea,Postal/Courier Facility,Coast Guard Interdiction Unit,2,Under Investigation,9.082,8.6753,22.3193,114.1694
WLC-0171,22-06-2018,2018,6,Africa,Gabon,United States,Bushmeat (mixed species),Mammal,Bushmeat,Vulnerable,1.79,kg,17.93,Air,Urban Wildlife Market,Coast Guard Interdiction Unit,2,Closed - No Arrest,-0.8037,11.6094,37.0902,-95.7129
WLC-0192,24-06-2018,2018,6,Africa,Uganda,Hong Kong SAR,Saltwater Crocodile,Reptile,Skin/Pelt,Least Concern,16,piece,5277.2,Air,International Airport,Port Authority Task Force,2,Closed - No Arrest,1.3733,32.2903,22.3193,114.1694
WLC-0567,25-06-2018,2018,6,Asia,Myanmar,Belgium,Indian Star Tortoise,Reptile,Live Animal,Vulnerable,13,live individual,1668.94,Air,Private Residence,Environmental Crime Investigation Bureau,0,Prosecuted - Pending Trial,21.9162,95.956,50.5039,4.4699
WLC-0739,25-06-2018,2018,6,Latin America,Bolivia,Thailand,Black Rhino,Mammal,Horn,Critically Endangered,1.33,kg,67798.39,Air,International Airport,Port Authority Task Force,1,Closed - No Arrest,-16.2902,-63.5887,15.87,100.9925
WLC-0143,28-06-2018,2018,6,Africa,Uganda,Belgium,Tiger,Mammal,Skin/Pelt,Endangered,22,piece,234612.66,Air,Postal/Courier Facility,Port Authority Task Force,0,Under Investigation,1.3733,32.2903,50.5039,4.4699
WLC-0243,01-07-2018,2018,7,Africa,Gabon,United Arab Emirates,Orchid (Wild),Plant,Live Animal,Vulnerable,21,piece,910.98,Air,Postal/Courier Facility,National Parks & Wildlife Service,1,Closed - No Arrest,-0.8037,11.6094,23.4241,53.8478
WLC-0193,02-07-2018,2018,7,Africa,Zimbabwe,Hong Kong SAR,African Elephant,Mammal,Ivory,Endangered,2.5,kg,5218.01,Sea,Land Border Crossing,Coast Guard Interdiction Unit,0,Closed - No Arrest,-19.0154,29.1549,22.3193,114.1694
WLC-0610,03-07-2018,2018,7,Africa,Tanzania,Qatar,Green Sea Turtle,Marine,Shell,Endangered,17.16,kg,3609.32,Air,Land Border Crossing,Customs & Border Protection,0,Closed - No Arrest,-6.369,34.8888,25.3548,51.1839
WLC-0167,08-07-2018,2018,7,Asia,India,Hong Kong SAR,Hawksbill Turtle,Marine,Shell,Critically Endangered,18.44,kg,12335.33,Sea,Postal/Courier Facility,Port Authority Task Force,4,Released - Insufficient Evidence,20.5937,78.9629,22.3193,114.1694
WLC-0593,11-07-2018,2018,7,Asia,Malaysia,France,Green Sea Turtle,Marine,Shell,Endangered,5.45,kg,1682.9,Land,International Airport,Customs & Border Protection,0,Released - Insufficient Evidence,4.2105,101.9758,46.2276,2.2137
WLC-0917,12-07-2018,2018,7,Asia,Malaysia,United States,Queen Conch,Marine,Shell,Vulnerable,4,piece,178.43,Air,Highway Checkpoint,National Wildlife Crime Unit,5,Case Dismissed,4.2105,101.9758,37.0902,-95.7129
WLC-0029,14-07-2018,2018,7,Africa,Nigeria,United Arab Emirates,Tiger,Mammal,Skin/Pelt,Endangered,5,piece,34687.55,Air,Highway Checkpoint,Environmental Crime Investigation Bureau,4,Closed - No Arrest,9.082,8.6753,23.4241,53.8478
WLC-0096,20-07-2018,2018,7,Asia,India,China,Totoaba,Marine,Swim Bladder,Critically Endangered,3.32,kg,76307.19,Sea,Highway Checkpoint,National Parks & Wildlife Service,1,Closed - No Arrest,20.5937,78.9629,35.8617,104.1954
WLC-0454,20-07-2018,2018,7,Latin America,Ecuador,Hong Kong SAR,Grey Parrot,Bird,Live Animal,Endangered,22,live individual,20292.15,Air,Seaport / Container Terminal,Coast Guard Interdiction Unit,3,Convicted,-1.8312,-78.1834,22.3193,114.1694
WLC-0373,24-07-2018,2018,7,Africa,Uganda,Belgium,Seahorse,Marine,Traditional Medicine,Vulnerable,0.9,kg,363.26,Air,Private Residence,National Wildlife Crime Unit,2,Convicted,1.3733,32.2903,50.5039,4.4699
WLC-0327,25-07-2018,2018,7,Africa,Madagascar,United Arab Emirates,Tiger,Mammal,Skin/Pelt,Endangered,21,piece,145593.72,Sea,Highway Checkpoint,Environmental Crime Investigation Bureau,1,Released - Insufficient Evidence,-18.7669,46.8691,23.4241,53.8478
WLC-0264,28-07-2018,2018,7,Latin America,Brazil,Qatar,African Lion,Mammal,Bones,Vulnerable,0.88,kg,1196.41,Postal/Courier,Land Border Crossing,Port Authority Task Force,0,Convicted,-14.235,-51.9253,25.3548,51.1839
WLC-0810,28-07-2018,2018,7,Asia,Myanmar,Singapore,Pangolin (Ground),Mammal,Scales,Endangered,13.41,kg,2423.9,Land,Private Residence,National Parks & Wildlife Service,3,Prosecuted - Pending Trial,21.9162,95.956,1.3521,103.8198
WLC-0809,28-07-2018,2018,7,Africa,Nigeria,France,African Elephant,Mammal,Ivory,Endangered,5.71,kg,8697.43,Air,Seaport / Container Terminal,Customs & Border Protection,1,Convicted,9.082,8.6753,46.2276,2.2137
WLC-0599,04-08-2018,2018,8,Africa,Uganda,South Korea,Helmeted Hornbill,Bird,Trophy,Critically Endangered,21,piece,186392.52,Sea,Highway Checkpoint,Customs & Border Protection,0,Convicted,1.3733,32.2903,35.9078,127.7669
WLC-0007,08-08-2018,2018,8,Africa,Cameroon,China,Timber Rattlesnake,Reptile,Live Animal,Least Concern,11,live individual,1805.84,Sea,Highway Checkpoint,Port Authority Task Force,0,Under Investigation,7.3697,12.3547,35.8617,104.1954
WLC-0247,16-08-2018,2018,8,Asia,Myanmar,China,Radiated Tortoise,Reptile,Live Animal,Critically Endangered,33,live individual,15240.93,Postal/Courier,Highway Checkpoint,Customs & Border Protection,4,Under Investigation,21.9162,95.956,35.8617,104.1954
WLC-0425,16-08-2018,2018,8,Asia,Laos,Hong Kong SAR,Indian Star Tortoise,Reptile,Live Animal,Vulnerable,16,live individual,1453.09,Air,International Airport,Interpol-supported Joint Operation,0,Convicted,19.8563,102.4955,22.3193,114.1694
WLC-0654,17-08-2018,2018,8,Africa,Tanzania,Singapore,Jaguar,Mammal,Skin/Pelt,Near Threatened,4,piece,7488.46,Postal/Courier,International Airport,Customs & Border Protection,1,Case Dismissed,-6.369,34.8888,1.3521,103.8198
WLC-0526,19-08-2018,2018,8,Asia,Malaysia,Singapore,Pangolin (African),Mammal,Bushmeat,Endangered,3.13,kg,68.78,Air,Seaport / Container Terminal,Interpol-supported Joint Operation,0,Convicted,4.2105,101.9758,1.3521,103.8198
WLC-0806,20-08-2018,2018,8,Africa,Zimbabwe,Qatar,Shark (mixed species),Marine,Fins,Endangered,5.52,kg,2843.77,Land,Private Residence,Port Authority Task Force,3,Under Investigation,-19.0154,29.1549,25.3548,51.1839
WLC-0420,22-08-2018,2018,8,Asia,China,China,Queen Conch,Marine,Shell,Vulnerable,5,piece,211.19,Sea,Urban Wildlife Market,Customs & Border Protection,0,Convicted,35.8617,104.1954,35.8617,104.1954
WLC-0529,26-08-2018,2018,8,Asia,Philippines,Singapore,Ginseng (Wild),Plant,Traditional Medicine,Endangered,2.19,kg,1248.72,Air,Private Residence,Interpol-supported Joint Operation,0,Under Investigation,12.8797,121.774,1.3521,103.8198
WLC-0564,28-08-2018,2018,8,Africa,Nigeria,Thailand,Hawksbill Turtle,Marine,Shell,Critically Endangered,10.08,kg,6285.66,Air,Urban Wildlife Market,Port Authority Task Force,4,Closed - No Arrest,9.082,8.6753,15.87,100.9925
WLC-0677,06-09-2018,2018,9,Africa,Uganda,Belgium,White Rhino,Mammal,Horn,Near Threatened,0.68,kg,49006.14,Sea,Highway Checkpoint,Coast Guard Interdiction Unit,1,Prosecuted - Pending Trial,1.3733,32.2903,50.5039,4.4699
WLC-0363,11-09-2018,2018,9,Africa,Madagascar,United States,Helmeted Hornbill,Bird,Trophy,Critically Endangered,11,piece,73694.66,Air,Seaport / Container Terminal,Environmental Crime Investigation Bureau,0,Convicted,-18.7669,46.8691,37.0902,-95.7129
WLC-0820,11-09-2018,2018,9,Africa,Tanzania,Qatar,Queen Conch,Marine,Shell,Vulnerable,18,piece,940.16,Postal/Courier,Land Border Crossing,Coast Guard Interdiction Unit,0,Closed - No Arrest,-6.369,34.8888,25.3548,51.1839
WLC-0919,13-09-2018,2018,9,Africa,Kenya,Qatar,Bushmeat (mixed species),Mammal,Bushmeat,Vulnerable,3.62,kg,22.3,Sea,Postal/Courier Facility,Environmental Crime Investigation Bureau,4,Convicted,-0.0236,37.9062,25.3548,51.1839
WLC-0796,14-09-2018,2018,9,Africa,Namibia,South Korea,Saker Falcon,Bird,Live Animal,Endangered,9,live individual,141889.34,Sea,Private Residence,Port Authority Task Force,1,Closed - No Arrest,-22.9576,18.4904,35.9078,127.7669
WLC-0716,16-09-2018,2018,9,Asia,India,Belgium,Jaguar,Mammal,Skin/Pelt,Near Threatened,10,piece,22189.5,Land,Private Residence,National Wildlife Crime Unit,4,Convicted,20.5937,78.9629,50.5039,4.4699
WLC-0251,18-09-2018,2018,9,Asia,Myanmar,China,Pangolin (African),Mammal,Bushmeat,Endangered,0.56,kg,7.18,Air,Postal/Courier Facility,National Wildlife Crime Unit,2,Convicted,21.9162,95.956,35.8617,104.1954
WLC-0090,21-09-2018,2018,9,Africa,Namibia,China,Shark (mixed species),Marine,Fins,Endangered,3.45,kg,1271.49,Sea,Postal/Courier Facility,Customs & Border Protection,2,Prosecuted - Pending Trial,-22.9576,18.4904,35.8617,104.1954
WLC-0576,03-10-2018,2018,10,Asia,Myanmar,South Korea,Orchid (Wild),Plant,Live Animal,Vulnerable,24,piece,922.88,Sea,Seaport / Container Terminal,Interpol-supported Joint Operation,3,Convicted,21.9162,95.956,35.9078,127.7669
WLC-0308,03-10-2018,2018,10,Asia,Vietnam,France,Shark (mixed species),Marine,Fins,Endangered,4.26,kg,2795.97,Land,International Airport,Port Authority Task Force,1,Released - Insufficient Evidence,14.0583,108.2772,46.2276,2.2137
WLC-0462,06-10-2018,2018,10,Asia,Laos,Singapore,Bushmeat (mixed species),Mammal,Bushmeat,Vulnerable,12.7,kg,122.68,Sea,Urban Wildlife Market,Environmental Crime Investigation Bureau,4,Closed - No Arrest,19.8563,102.4955,1.3521,103.8198
WLC-0859,12-10-2018,2018,10,Africa,Uganda,Japan,Bushmeat (mixed species),Mammal,Bushmeat,Vulnerable,1.13,kg,8.89,Land,Urban Wildlife Market,Environmental Crime Investigation Bureau,0,Closed - No Arrest,1.3733,32.2903,36.2048,138.2529
WLC-0399,25-10-2018,2018,10,Africa,Nigeria,Germany,Hawksbill Turtle,Marine,Shell,Critically Endangered,0.63,kg,332.35,Postal/Courier,Land Border Crossing,National Parks & Wildlife Service,3,Under Investigation,9.082,8.6753,51.1657,10.4515
WLC-0789,02-11-2018,2018,11,Africa,Zimbabwe,United Arab Emirates,Black Rhino,Mammal,Horn,Critically Endangered,6.46,kg,582518.58,Sea,International Airport,Port Authority Task Force,0,Released - Insufficient Evidence,-19.0154,29.1549,23.4241,53.8478
WLC-0084,03-11-2018,2018,11,Africa,Mozambique,Vietnam,Ginseng (Wild),Plant,Traditional Medicine,Endangered,19.05,kg,24815.42,Sea,Highway Checkpoint,National Parks & Wildlife Service,0,Closed - No Arrest,-18.6657,35.5296,14.0583,108.2772
WLC-0297,11-11-2018,2018,11,Africa,Democratic Republic of Congo,Vietnam,Reticulated Python,Reptile,Skin/Pelt,Least Concern,6,piece,578.99,Sea,Urban Wildlife Market,Coast Guard Interdiction Unit,4,Prosecuted - Pending Trial,-4.0383,21.7587,14.0583,108.2772
WLC-0592,12-11-2018,2018,11,Latin America,Colombia,Germany,Helmeted Hornbill,Bird,Trophy,Critically Endangered,23,piece,157292.63,Sea,Seaport / Container Terminal,Port Authority Task Force,5,Released - Insufficient Evidence,4.5709,-74.2973,51.1657,10.4515
WLC-0484,12-11-2018,2018,11,Africa,Uganda,China,Radiated Tortoise,Reptile,Live Animal,Critically Endangered,37,live individual,17232.42,Air,Postal/Courier Facility,Customs & Border Protection,3,Released - Insufficient Evidence,1.3733,32.2903,35.8617,104.1954
WLC-0359,15-11-2018,2018,11,Africa,Cameroon,Germany,Saker Falcon,Bird,Live Animal,Endangered,36,live individual,635222.25,Sea,Land Border Crossing,National Wildlife Crime Unit,1,Under Investigation,7.3697,12.3547,51.1657,10.4515
WLC-0904,15-11-2018,2018,11,Africa,Mozambique,China,Hawksbill Turtle,Marine,Shell,Critically Endangered,2.49,kg,1505.68,Postal/Courier,Land Border Crossing,National Wildlife Crime Unit,4,Under Investigation,-18.6657,35.5296,35.8617,104.1954
WLC-0559,15-11-2018,2018,11,Asia,Philippines,Hong Kong SAR,White Rhino,Mammal,Horn,Near Threatened,8.86,kg,720194.13,Sea,Postal/Courier Facility,Customs & Border Protection,2,Convicted,12.8797,121.774,22.3193,114.1694
WLC-0015,16-11-2018,2018,11,Asia,Vietnam,South Korea,Pangolin (Sunda),Mammal,Scales,Critically Endangered,9.79,kg,2789,Land,International Airport,National Parks & Wildlife Service,0,Under Investigation,14.0583,108.2772,35.9078,127.7669
WLC-0684,17-11-2018,2018,11,Asia,Myanmar,Germany,Agarwood,Plant,Timber,Vulnerable,3.13,kg,454.25,Sea,Land Border Crossing,Port Authority Task Force,0,Under Investigation,21.9162,95.956,51.1657,10.4515
WLC-0878,19-11-2018,2018,11,Asia,Thailand,United States,African Elephant,Mammal,Ivory,Endangered,1.78,kg,3574.35,Land,Seaport / Container Terminal,National Parks & Wildlife Service,2,Under Investigation,15.87,100.9925,37.0902,-95.7129
WLC-0033,19-11-2018,2018,11,Asia,Malaysia,France,Reticulated Python,Reptile,Skin/Pelt,Least Concern,18,piece,1931.16,Air,Seaport / Container Terminal,National Wildlife Crime Unit,1,Released - Insufficient Evidence,4.2105,101.9758,46.2276,2.2137
WLC-0059,25-11-2018,2018,11,Asia,Vietnam,Hong Kong SAR,Bushmeat (mixed species),Mammal,Bushmeat,Vulnerable,19.53,kg,213.74,Land,Land Border Crossing,Interpol-supported Joint Operation,0,Convicted,14.0583,108.2772,22.3193,114.1694
WLC-0655,26-11-2018,2018,11,Asia,Laos,Belgium,Reticulated Python,Reptile,Skin/Pelt,Least Concern,4,piece,270.9,Land,Postal/Courier Facility,National Wildlife Crime Unit,3,Closed - No Arrest,19.8563,102.4955,50.5039,4.4699
WLC-0413,02-12-2018,2018,12,Africa,Namibia,Thailand,Helmeted Hornbill,Bird,Trophy,Critically Endangered,24,piece,112406.39,Sea,Urban Wildlife Market,Customs & Border Protection,0,Convicted,-22.9576,18.4904,15.87,100.9925
WLC-0945,07-12-2018,2018,12,Asia,China,United Kingdom,Bushmeat (mixed species),Mammal,Bushmeat,Vulnerable,0.59,kg,3.1,Sea,Seaport / Container Terminal,Environmental Crime Investigation Bureau,3,Convicted,35.8617,104.1954,55.3781,-3.436
WLC-0095,15-12-2018,2018,12,Latin America,Ecuador,South Korea,Leopard,Mammal,Skin/Pelt,Vulnerable,5,piece,18220.38,Sea,Private Residence,Port Authority Task Force,2,Under Investigation,-1.8312,-78.1834,35.9078,127.7669
WLC-0825,16-12-2018,2018,12,Africa,Gabon,South Korea,Pangolin (African),Mammal,Bushmeat,Endangered,8.86,kg,151.61,Land,International Airport,Customs & Border Protection,0,Closed - No Arrest,-0.8037,11.6094,35.9078,127.7669
WLC-0365,16-12-2018,2018,12,Africa,South Africa,Hong Kong SAR,Pangolin (Ground),Mammal,Scales,Endangered,16,kg,4074.26,Sea,Urban Wildlife Market,Environmental Crime Investigation Bureau,0,Case Dismissed,-30.5595,22.9375,22.3193,114.1694
WLC-0542,02-01-2019,2019,1,Africa,Zimbabwe,Qatar,Radiated Tortoise,Reptile,Live Animal,Critically Endangered,14,live individual,3453.68,Sea,Postal/Courier Facility,Customs & Border Protection,2,Convicted,-19.0154,29.1549,25.3548,51.1839
WLC-0123,06-01-2019,2019,1,Africa,South Africa,Qatar,Seahorse,Marine,Traditional Medicine,Vulnerable,5.56,kg,3958.17,Postal/Courier,Urban Wildlife Market,Port Authority Task Force,4,Convicted,-30.5595,22.9375,25.3548,51.1839
WLC-0906,09-01-2019,2019,1,Africa,Kenya,Germany,Hawksbill Turtle,Marine,Shell,Critically Endangered,0.5,kg,179.41,Air,Private Residence,Environmental Crime Investigation Bureau,4,Under Investigation,-0.0236,37.9062,51.1657,10.4515
WLC-0066,12-01-2019,2019,1,Africa,Democratic Republic of Congo,Qatar,African Blackwood,Plant,Timber,Near Threatened,10.53,kg,64.67,Sea,Urban Wildlife Market,National Wildlife Crime Unit,0,Prosecuted - Pending Trial,-4.0383,21.7587,25.3548,51.1839
WLC-0924,19-01-2019,2019,1,Asia,Cambodia,Singapore,Jaguar,Mammal,Skin/Pelt,Near Threatened,13,piece,33700.6,Air,Private Residence,Environmental Crime Investigation Bureau,2,Convicted,12.5657,104.991,1.3521,103.8198
WLC-0855,20-01-2019,2019,1,Africa,Nigeria,Singapore,Saltwater Crocodile,Reptile,Skin/Pelt,Least Concern,24,piece,7352.6,Sea,International Airport,Port Authority Task Force,2,Under Investigation,9.082,8.6753,1.3521,103.8198
WLC-0426,20-01-2019,2019,1,Latin America,Bolivia,Belgium,Jaguar,Mammal,Skin/Pelt,Near Threatened,23,piece,36722.16,Sea,International Airport,Coast Guard Interdiction Unit,2,Under Investigation,-16.2902,-63.5887,50.5039,4.4699
WLC-0273,21-01-2019,2019,1,Asia,Cambodia,United Kingdom,Leopard,Mammal,Skin/Pelt,Vulnerable,8,piece,20028.57,Air,Seaport / Container Terminal,Port Authority Task Force,1,Under Investigation,12.5657,104.991,55.3781,-3.436
WLC-0531,21-01-2019,2019,1,Africa,Tanzania,Thailand,Pangolin (Ground),Mammal,Scales,Endangered,53.58,kg,12494.48,Sea,Highway Checkpoint,Environmental Crime Investigation Bureau,0,Convicted,-6.369,34.8888,15.87,100.9925
WLC-0699,26-01-2019,2019,1,Africa,South Africa,South Korea,Jaguar,Mammal,Skin/Pelt,Near Threatened,21,piece,24004.08,Sea,Highway Checkpoint,National Wildlife Crime Unit,0,Convicted,-30.5595,22.9375,35.9078,127.7669
WLC-0355,28-01-2019,2019,1,Asia,Vietnam,Hong Kong SAR,Queen Conch,Marine,Shell,Vulnerable,11,piece,448.83,Sea,Postal/Courier Facility,Customs & Border Protection,5,Closed - No Arrest,14.0583,108.2772,22.3193,114.1694
WLC-0283,01-02-2019,2019,2,Asia,China,Thailand,Timber Rattlesnake,Reptile,Live Animal,Least Concern,2,live individual,144.94,Land,Seaport / Container Terminal,National Parks & Wildlife Service,1,Closed - No Arrest,35.8617,104.1954,15.87,100.9925
WLC-0733,02-02-2019,2019,2,Latin America,Bolivia,Thailand,African Elephant,Mammal,Ivory,Endangered,10.01,kg,11099.33,Land,International Airport,Port Authority Task Force,0,Prosecuted - Pending Trial,-16.2902,-63.5887,15.87,100.9925
WLC-0163,12-02-2019,2019,2,Asia,Philippines,Vietnam,Palm Cockatoo,Bird,Live Animal,Vulnerable,3,live individual,17154.2,Sea,Postal/Courier Facility,Coast Guard Interdiction Unit,1,Convicted,12.8797,121.774,14.0583,108.2772
WLC-0391,13-02-2019,2019,2,Africa,Democratic Republic of Congo,Qatar,Radiated Tortoise,Reptile,Live Animal,Critically Endangered,29,live individual,13035.3,Sea,Land Border Crossing,National Wildlife Crime Unit,1,Case Dismissed,-4.0383,21.7587,25.3548,51.1839
WLC-0596,13-02-2019,2019,2,Africa,Mozambique,United Kingdom,Rosewood,Plant,Timber,Endangered,11.8,kg,41.09,Sea,Land Border Crossing,National Parks & Wildlife Service,5,Under Investigation,-18.6657,35.5296,55.3781,-3.436
WLC-0939,18-02-2019,2019,2,Africa,Nigeria,Vietnam,Giant Clam,Marine,Shell,Vulnerable,11,piece,1173.41,Land,Private Residence,Port Authority Task Force,3,Under Investigation,9.082,8.6753,14.0583,108.2772
WLC-0539,18-02-2019,2019,2,Africa,Namibia,Hong Kong SAR,African Elephant,Mammal,Ivory,Endangered,2.8,kg,4676.43,Air,Highway Checkpoint,National Wildlife Crime Unit,3,Closed - No Arrest,-22.9576,18.4904,22.3193,114.1694
WLC-0353,18-02-2019,2019,2,Africa,Nigeria,Vietnam,Totoaba,Marine,Swim Bladder,Critically Endangered,1.94,kg,35322.71,Sea,Seaport / Container Terminal,Environmental Crime Investigation Bureau,0,Convicted,9.082,8.6753,14.0583,108.2772
WLC-0008,21-02-2019,2019,2,Asia,India,France,Pangolin (Sunda),Mammal,Scales,Critically Endangered,5.49,kg,823.8,Sea,Highway Checkpoint,Environmental Crime Investigation Bureau,0,Under Investigation,20.5937,78.9629,46.2276,2.2137
WLC-0819,27-02-2019,2019,2,Africa,Zimbabwe,China,Agarwood,Plant,Timber,Vulnerable,3.35,kg,489.82,Land,International Airport,National Wildlife Crime Unit,0,Released - Insufficient Evidence,-19.0154,29.1549,35.8617,104.1954
WLC-0553,08-03-2019,2019,3,Africa,Gabon,Singapore,Reticulated Python,Reptile,Skin/Pelt,Least Concern,15,piece,1458.07,Air,Urban Wildlife Market,Interpol-supported Joint Operation,2,Under Investigation,-0.8037,11.6094,1.3521,103.8198
WLC-0566,11-03-2019,2019,3,Africa,Namibia,United Kingdom,Seahorse,Marine,Traditional Medicine,Vulnerable,3.89,kg,2492.82,Air,Land Border Crossing,Coast Guard Interdiction Unit,0,Closed - No Arrest,-22.9576,18.4904,55.3781,-3.436
WLC-0369,13-03-2019,2019,3,Africa,Kenya,Japan,Orchid (Wild),Plant,Live Animal,Vulnerable,13,piece,647.16,Air,Highway Checkpoint,Interpol-supported Joint Operation,0,Case Dismissed,-0.0236,37.9062,36.2048,138.2529
WLC-0662,14-03-2019,2019,3,Asia,Cambodia,Qatar,Totoaba,Marine,Swim Bladder,Critically Endangered,6.11,kg,145234.59,Air,Private Residence,Environmental Crime Investigation Bureau,2,Prosecuted - Pending Trial,12.5657,104.991,25.3548,51.1839
WLC-0691,20-03-2019,2019,3,Africa,Gabon,Hong Kong SAR,Ginseng (Wild),Plant,Traditional Medicine,Endangered,6.92,kg,4256,Sea,Land Border Crossing,Coast Guard Interdiction Unit,0,Closed - No Arrest,-0.8037,11.6094,22.3193,114.1694
WLC-0713,22-03-2019,2019,3,Africa,Kenya,Japan,Tiger,Mammal,Skin/Pelt,Endangered,19,piece,176779.75,Sea,Postal/Courier Facility,Customs & Border Protection,0,Under Investigation,-0.0236,37.9062,36.2048,138.2529
WLC-0253,22-03-2019,2019,3,Asia,Thailand,Germany,Ginseng (Wild),Plant,Traditional Medicine,Endangered,2.07,kg,1741.05,Sea,Urban Wildlife Market,Port Authority Task Force,0,Released - Insufficient Evidence,15.87,100.9925,51.1657,10.4515
WLC-0686,22-03-2019,2019,3,Africa,Mozambique,South Korea,Helmeted Hornbill,Bird,Trophy,Critically Endangered,6,piece,23067.24,Sea,Highway Checkpoint,Customs & Border Protection,1,Released - Insufficient Evidence,-18.6657,35.5296,35.9078,127.7669
WLC-0740,23-03-2019,2019,3,Africa,Kenya,France,Shark (mixed species),Marine,Fins,Endangered,14.83,kg,5878.38,Land,Private Residence,National Wildlife Crime Unit,2,Convicted,-0.0236,37.9062,46.2276,2.2137
WLC-0043,27-03-2019,2019,3,Africa,Zimbabwe,France,Giant Clam,Marine,Shell,Vulnerable,4,piece,394.05,Air,Land Border Crossing,Coast Guard Interdiction Unit,2,Convicted,-19.0154,29.1549,46.2276,2.2137
WLC-0341,03-04-2019,2019,4,Africa,Gabon,Thailand,Indian Star Tortoise,Reptile,Live Animal,Vulnerable,11,live individual,1917.18,Air,Land Border Crossing,National Parks & Wildlife Service,1,Convicted,-0.8037,11.6094,15.87,100.9925
WLC-0138,04-04-2019,2019,4,Africa,Mozambique,Hong Kong SAR,Green Sea Turtle,Marine,Shell,Endangered,0.5,kg,191.49,Sea,Land Border Crossing,Interpol-supported Joint Operation,1,Under Investigation,-18.6657,35.5296,22.3193,114.1694
WLC-0435,08-04-2019,2019,4,Africa,Gabon,Belgium,Grey Parrot,Bird,Live Animal,Endangered,5,live individual,3817.81,Land,Postal/Courier Facility,Environmental Crime Investigation Bureau,5,Under Investigation,-0.8037,11.6094,50.5039,4.4699
WLC-0262,08-04-2019,2019,4,Africa,Gabon,Vietnam,Reticulated Python,Reptile,Skin/Pelt,Least Concern,4,piece,288.08,Air,Private Residence,Coast Guard Interdiction Unit,3,Under Investigation,-0.8037,11.6094,14.0583,108.2772
WLC-0653,10-04-2019,2019,4,Africa,Gabon,Belgium,Reticulated Python,Reptile,Skin/Pelt,Least Concern,16,piece,934.55,Sea,International Airport,Coast Guard Interdiction Unit,1,Convicted,-0.8037,11.6094,50.5039,4.4699
WLC-0490,10-04-2019,2019,4,Latin America,Colombia,Japan,Saltwater Crocodile,Reptile,Skin/Pelt,Least Concern,9,piece,2941.58,Air,Urban Wildlife Market,Environmental Crime Investigation Bureau,2,Under Investigation,4.5709,-74.2973,36.2048,138.2529
WLC-0634,13-04-2019,2019,4,Latin America,Peru,Belgium,Tiger,Mammal,Skin/Pelt,Endangered,8,piece,55944.75,Sea,International Airport,Coast Guard Interdiction Unit,1,Case Dismissed,-9.19,-75.0152,50.5039,4.4699
WLC-0618,21-04-2019,2019,4,Asia,Laos,France,Ginseng (Wild),Plant,Traditional Medicine,Endangered,0.85,kg,1124.83,Land,Land Border Crossing,National Parks & Wildlife Service,0,Convicted,19.8563,102.4955,46.2276,2.2137
WLC-0205,23-04-2019,2019,4,Asia,Indonesia,Singapore,Saker Falcon,Bird,Live Animal,Endangered,2,live individual,43619.59,Air,Urban Wildlife Market,Customs & Border Protection,3,Convicted,-0.7893,113.9213,1.3521,103.8198
WLC-0595,23-04-2019,2019,4,Africa,Kenya,France,Tiger,Mammal,Skin/Pelt,Endangered,11,piece,88524.54,Land,Postal/Courier Facility,Interpol-supported Joint Operation,0,Closed - No Arrest,-0.0236,37.9062,46.2276,2.2137
WLC-0693,25-04-2019,2019,4,Africa,Mozambique,Germany,Indian Star Tortoise,Reptile,Live Animal,Vulnerable,32,live individual,5622.51,Sea,Postal/Courier Facility,Port Authority Task Force,2,Under Investigation,-18.6657,35.5296,51.1657,10.4515
WLC-0230,01-05-2019,2019,5,Latin America,Ecuador,France,African Lion,Mammal,Bones,Vulnerable,2.62,kg,4252.51,Land,Land Border Crossing,National Wildlife Crime Unit,0,Under Investigation,-1.8312,-78.1834,46.2276,2.2137
WLC-0001,04-05-2019,2019,5,Africa,Uganda,United Kingdom,Black Rhino,Mammal,Horn,Critically Endangered,0.5,kg,48036.95,Sea,Urban Wildlife Market,Coast Guard Interdiction Unit,3,Released - Insufficient Evidence,1.3733,32.2903,55.3781,-3.436
WLC-0685,10-05-2019,2019,5,Asia,Malaysia,France,Tiger,Mammal,Skin/Pelt,Endangered,4,piece,37698.17,Sea,Seaport / Container Terminal,Customs & Border Protection,1,Convicted,4.2105,101.9758,46.2276,2.2137
WLC-0258,13-05-2019,2019,5,Latin America,Colombia,Singapore,Pangolin (Sunda),Mammal,Scales,Critically Endangered,51.59,kg,7012.06,Sea,Private Residence,Coast Guard Interdiction Unit,5,Under Investigation,4.5709,-74.2973,1.3521,103.8198
WLC-0429,20-05-2019,2019,5,Africa,South Africa,Hong Kong SAR,Queen Conch,Marine,Shell,Vulnerable,22,piece,1093.93,Sea,Land Border Crossing,Interpol-supported Joint Operation,0,Case Dismissed,-30.5595,22.9375,22.3193,114.1694
WLC-0186,21-05-2019,2019,5,Africa,Mozambique,South Korea,Totoaba,Marine,Swim Bladder,Critically Endangered,1.11,kg,18584.24,Air,Land Border Crossing,Environmental Crime Investigation Bureau,1,Prosecuted - Pending Trial,-18.6657,35.5296,35.9078,127.7669
WLC-0334,22-05-2019,2019,5,Africa,Gabon,Belgium,Black Rhino,Mammal,Horn,Critically Endangered,2.07,kg,91005.93,Air,Seaport / Container Terminal,Coast Guard Interdiction Unit,1,Convicted,-0.8037,11.6094,50.5039,4.4699
WLC-0348,25-05-2019,2019,5,Asia,Thailand,Vietnam,Black Rhino,Mammal,Horn,Critically Endangered,4.06,kg,353070.92,Land,Highway Checkpoint,National Parks & Wildlife Service,1,Convicted,15.87,100.9925,14.0583,108.2772
WLC-0784,26-05-2019,2019,5,Latin America,Mexico,Singapore,Orchid (Wild),Plant,Live Animal,Vulnerable,9,piece,743.63,Postal/Courier,Highway Checkpoint,Port Authority Task Force,3,Released - Insufficient Evidence,23.6345,-102.5528,1.3521,103.8198
WLC-0743,26-05-2019,2019,5,Africa,South Africa,Singapore,Agarwood,Plant,Timber,Vulnerable,0.5,kg,105.45,Sea,Private Residence,National Parks & Wildlife Service,0,Under Investigation,-30.5595,22.9375,1.3521,103.8198
WLC-0252,06-06-2019,2019,6,Latin America,Bolivia,France,African Elephant,Mammal,Ivory,Endangered,8.83,kg,10569.43,Sea,Seaport / Container Terminal,National Wildlife Crime Unit,3,Released - Insufficient Evidence,-16.2902,-63.5887,46.2276,2.2137
WLC-0028,17-06-2019,2019,6,Africa,Democratic Republic of Congo,Japan,Pangolin (Sunda),Mammal,Scales,Critically Endangered,0.5,kg,94.66,Land,International Airport,National Wildlife Crime Unit,2,Under Investigation,-4.0383,21.7587,36.2048,138.2529
WLC-0944,17-06-2019,2019,6,Latin America,Brazil,Vietnam,Tiger,Mammal,Bones,Endangered,3.26,kg,14210.5,Sea,Highway Checkpoint,National Wildlife Crime Unit,2,Closed - No Arrest,-14.235,-51.9253,14.0583,108.2772
WLC-0779,19-06-2019,2019,6,Africa,South Africa,United Kingdom,Pangolin (African),Mammal,Bushmeat,Endangered,9.36,kg,159.49,Sea,Seaport / Container Terminal,Customs & Border Protection,0,Under Investigation,-30.5595,22.9375,55.3781,-3.436
WLC-0319,21-06-2019,2019,6,Asia,Vietnam,United States,Queen Conch,Marine,Shell,Vulnerable,2,piece,76.92,Land,Highway Checkpoint,Coast Guard Interdiction Unit,2,Closed - No Arrest,14.0583,108.2772,37.0902,-95.7129
WLC-0065,02-07-2019,2019,7,Latin America,Ecuador,Japan,Helmeted Hornbill,Bird,Trophy,Critically Endangered,23,piece,95592.93,Sea,Private Residence,Coast Guard Interdiction Unit,0,Under Investigation,-1.8312,-78.1834,36.2048,138.2529
WLC-0256,08-07-2019,2019,7,Latin America,Peru,China,Indian Star Tortoise,Reptile,Live Animal,Vulnerable,1,live individual,123.69,Sea,International Airport,National Wildlife Crime Unit,0,Under Investigation,-9.19,-75.0152,35.8617,104.1954
WLC-0725,10-07-2019,2019,7,Africa,Gabon,Singapore,Radiated Tortoise,Reptile,Live Animal,Critically Endangered,13,live individual,6298.19,Land,Seaport / Container Terminal,Coast Guard Interdiction Unit,0,Under Investigation,-0.8037,11.6094,1.3521,103.8198
WLC-0400,11-07-2019,2019,7,Africa,Tanzania,South Korea,Tiger,Mammal,Bones,Endangered,6.5,kg,48636.72,Sea,International Airport,Interpol-supported Joint Operation,0,Under Investigation,-6.369,34.8888,35.9078,127.7669
WLC-0538,15-07-2019,2019,7,Africa,Uganda,South Korea,Saltwater Crocodile,Reptile,Skin/Pelt,Least Concern,12,piece,2860.43,Postal/Courier,Urban Wildlife Market,Port Authority Task Force,0,Under Investigation,1.3733,32.2903,35.9078,127.7669
WLC-0663,21-07-2019,2019,7,Africa,Democratic Republic of Congo,Vietnam,Palm Cockatoo,Bird,Live Animal,Vulnerable,24,live individual,120772.56,Postal/Courier,Private Residence,Port Authority Task Force,3,Under Investigation,-4.0383,21.7587,14.0583,108.2772
WLC-0162,26-07-2019,2019,7,Africa,Gabon,Qatar,Ginseng (Wild),Plant,Traditional Medicine,Endangered,3.59,kg,3312.75,Sea,Highway Checkpoint,National Parks & Wildlife Service,1,Convicted,-0.8037,11.6094,25.3548,51.1839
WLC-0061,01-08-2019,2019,8,Asia,Indonesia,United Arab Emirates,Saker Falcon,Bird,Live Animal,Endangered,14,live individual,195056.53,Land,Urban Wildlife Market,National Wildlife Crime Unit,0,Under Investigation,-0.7893,113.9213,23.4241,53.8478
WLC-0744,06-08-2019,2019,8,Latin America,Colombia,Belgium,Hawksbill Turtle,Marine,Shell,Critically Endangered,0.95,kg,301.53,Land,Seaport / Container Terminal,National Wildlife Crime Unit,1,Convicted,4.5709,-74.2973,50.5039,4.4699
WLC-0133,06-08-2019,2019,8,Latin America,Brazil,China,Grey Parrot,Bird,Live Animal,Endangered,19,live individual,9945.33,Land,Highway Checkpoint,National Parks & Wildlife Service,3,Case Dismissed,-14.235,-51.9253,35.8617,104.1954
WLC-0020,09-08-2019,2019,8,Africa,Namibia,Qatar,Timber Rattlesnake,Reptile,Live Animal,Least Concern,33,live individual,2817.06,Sea,Postal/Courier Facility,National Wildlife Crime Unit,4,Prosecuted - Pending Trial,-22.9576,18.4904,25.3548,51.1839
WLC-0115,10-08-2019,2019,8,Africa,Mozambique,Qatar,Helmeted Hornbill,Bird,Trophy,Critically Endangered,16,piece,91424.91,Land,Urban Wildlife Market,Coast Guard Interdiction Unit,1,Convicted,-18.6657,35.5296,25.3548,51.1839
WLC-0808,15-08-2019,2019,8,Africa,Zimbabwe,Qatar,African Blackwood,Plant,Timber,Near Threatened,2.91,kg,9.95,Air,International Airport,National Wildlife Crime Unit,0,Released - Insufficient Evidence,-19.0154,29.1549,25.3548,51.1839
WLC-0446,15-08-2019,2019,8,Asia,Cambodia,United Arab Emirates,Helmeted Hornbill,Bird,Trophy,Critically Endangered,2,piece,15043.27,Air,Highway Checkpoint,Customs & Border Protection,0,Prosecuted - Pending Trial,12.5657,104.991,23.4241,53.8478
WLC-0607,21-08-2019,2019,8,Africa,Madagascar,United Kingdom,Shark (mixed species),Marine,Fins,Endangered,2.13,kg,653.35,Sea,International Airport,National Wildlife Crime Unit,3,Convicted,-18.7669,46.8691,55.3781,-3.436
WLC-0528,28-08-2019,2019,8,Africa,Namibia,Vietnam,Palm Cockatoo,Bird,Live Animal,Vulnerable,39,live individual,128606.74,Air,Seaport / Container Terminal,National Wildlife Crime Unit,0,Convicted,-22.9576,18.4904,14.0583,108.2772
WLC-0271,28-08-2019,2019,8,Africa,Kenya,Singapore,Bushmeat (mixed species),Mammal,Bushmeat,Vulnerable,1.75,kg,18.04,Sea,Seaport / Container Terminal,Environmental Crime Investigation Bureau,1,Released - Insufficient Evidence,-0.0236,37.9062,1.3521,103.8198
WLC-0902,01-09-2019,2019,9,Africa,Mozambique,Qatar,African Elephant,Mammal,Ivory,Endangered,2.54,kg,4064.11,Air,International Airport,National Wildlife Crime Unit,4,Under Investigation,-18.6657,35.5296,25.3548,51.1839
WLC-0345,01-09-2019,2019,9,Africa,Namibia,United States,Saltwater Crocodile,Reptile,Skin/Pelt,Least Concern,14,piece,3398.78,Air,Seaport / Container Terminal,Coast Guard Interdiction Unit,0,Closed - No Arrest,-22.9576,18.4904,37.0902,-95.7129
WLC-0737,02-09-2019,2019,9,Latin America,Brazil,Thailand,Totoaba,Marine,Swim Bladder,Critically Endangered,10.35,kg,301022.95,Air,Private Residence,Interpol-supported Joint Operation,1,Under Investigation,-14.235,-51.9253,15.87,100.9925
WLC-0801,03-09-2019,2019,9,Africa,Zimbabwe,China,African Lion,Mammal,Bones,Vulnerable,15.16,kg,12852,Air,International Airport,Environmental Crime Investigation Bureau,1,Case Dismissed,-19.0154,29.1549,35.8617,104.1954
WLC-0078,27-09-2019,2019,9,Latin America,Brazil,Germany,Saltwater Crocodile,Reptile,Skin/Pelt,Least Concern,21,piece,4115.78,Land,Postal/Courier Facility,Customs & Border Protection,2,Under Investigation,-14.235,-51.9253,51.1657,10.4515
WLC-0237,07-10-2019,2019,10,Latin America,Peru,United Arab Emirates,Saltwater Crocodile,Reptile,Skin/Pelt,Least Concern,19,piece,6443.98,Sea,Urban Wildlife Market,Customs & Border Protection,1,Prosecuted - Pending Trial,-9.19,-75.0152,23.4241,53.8478
WLC-0041,08-10-2019,2019,10,Asia,Indonesia,China,African Elephant,Mammal,Ivory,Endangered,0.5,kg,566.86,Land,Postal/Courier Facility,Port Authority Task Force,0,Under Investigation,-0.7893,113.9213,35.8617,104.1954
WLC-0361,14-10-2019,2019,10,Latin America,Peru,Germany,Rosewood,Plant,Timber,Endangered,1.33,kg,5.37,Sea,Postal/Courier Facility,Port Authority Task Force,3,Prosecuted - Pending Trial,-9.19,-75.0152,51.1657,10.4515
WLC-0949,17-10-2019,2019,10,Africa,Kenya,Germany,Pangolin (African),Mammal,Bushmeat,Endangered,1.08,kg,13.99,Air,Seaport / Container Terminal,National Wildlife Crime Unit,3,Closed - No Arrest,-0.0236,37.9062,51.1657,10.4515
WLC-0617,17-10-2019,2019,10,Latin America,Ecuador,Belgium,African Elephant,Mammal,Ivory,Endangered,3.15,kg,5846.7,Air,Land Border Crossing,Interpol-supported Joint Operation,1,Convicted,-1.8312,-78.1834,50.5039,4.4699
WLC-0445,20-10-2019,2019,10,Africa,South Africa,France,Giant Clam,Marine,Shell,Vulnerable,9,piece,1076.97,Sea,International Airport,Coast Guard Interdiction Unit,3,Under Investigation,-30.5595,22.9375,46.2276,2.2137
WLC-0563,25-10-2019,2019,10,Africa,Cameroon,Qatar,Grey Parrot,Bird,Live Animal,Endangered,34,live individual,22435.71,Sea,Urban Wildlife Market,Customs & Border Protection,1,Closed - No Arrest,7.3697,12.3547,25.3548,51.1839
WLC-0605,27-10-2019,2019,10,Africa,Tanzania,Thailand,Seahorse,Marine,Traditional Medicine,Vulnerable,3.62,kg,3033.14,Sea,International Airport,Environmental Crime Investigation Bureau,3,Convicted,-6.369,34.8888,15.87,100.9925
WLC-0452,27-10-2019,2019,10,Africa,Zimbabwe,United States,Tiger,Mammal,Skin/Pelt,Endangered,21,piece,188700.32,Air,Postal/Courier Facility,Customs & Border Protection,1,Under Investigation,-19.0154,29.1549,37.0902,-95.7129
WLC-0091,02-11-2019,2019,11,Asia,Philippines,Singapore,Saltwater Crocodile,Reptile,Skin/Pelt,Least Concern,13,piece,2468.41,Sea,Private Residence,Port Authority Task Force,2,Released - Insufficient Evidence,12.8797,121.774,1.3521,103.8198
WLC-0858,06-11-2019,2019,11,Asia,Malaysia,United States,Jaguar,Mammal,Skin/Pelt,Near Threatened,22,piece,41501.93,Land,Seaport / Container Terminal,Coast Guard Interdiction Unit,1,Convicted,4.2105,101.9758,37.0902,-95.7129
WLC-0318,10-11-2019,2019,11,Africa,Namibia,Japan,African Blackwood,Plant,Timber,Near Threatened,3.66,kg,13.29,Air,Seaport / Container Terminal,National Parks & Wildlife Service,1,Convicted,-22.9576,18.4904,36.2048,138.2529
WLC-0145,12-11-2019,2019,11,Asia,India,South Korea,Bushmeat (mixed species),Mammal,Bushmeat,Vulnerable,0.56,kg,4.19,Sea,Urban Wildlife Market,National Wildlife Crime Unit,0,Under Investigation,20.5937,78.9629,35.9078,127.7669
WLC-0688,19-11-2019,2019,11,Africa,Kenya,Qatar,Green Sea Turtle,Marine,Shell,Endangered,7.64,kg,2283.56,Sea,Urban Wildlife Market,Interpol-supported Joint Operation,0,Convicted,-0.0236,37.9062,25.3548,51.1839
WLC-0873,21-11-2019,2019,11,Africa,Zimbabwe,United Arab Emirates,African Blackwood,Plant,Timber,Near Threatened,5.81,kg,42.71,Sea,International Airport,National Parks & Wildlife Service,0,Under Investigation,-19.0154,29.1549,23.4241,53.8478
WLC-0704,27-11-2019,2019,11,Latin America,Bolivia,Belgium,Totoaba,Marine,Swim Bladder,Critically Endangered,2.61,kg,33713.96,Postal/Courier,Private Residence,Environmental Crime Investigation Bureau,4,Convicted,-16.2902,-63.5887,50.5039,4.4699
WLC-0893,01-12-2019,2019,12,Africa,Cameroon,Thailand,Giant Clam,Marine,Shell,Vulnerable,13,piece,1550.69,Air,Private Residence,Environmental Crime Investigation Bureau,1,Convicted,7.3697,12.3547,15.87,100.9925
WLC-0899,01-12-2019,2019,12,Africa,South Africa,France,Leopard,Mammal,Skin/Pelt,Vulnerable,9,piece,19528.31,Land,Urban Wildlife Market,Port Authority Task Force,1,Closed - No Arrest,-30.5595,22.9375,46.2276,2.2137
WLC-0016,05-12-2019,2019,12,Africa,Uganda,United States,Saltwater Crocodile,Reptile,Skin/Pelt,Least Concern,23,piece,4774.62,Air,International Airport,Interpol-supported Joint Operation,4,Under Investigation,1.3733,32.2903,37.0902,-95.7129
WLC-0551,05-12-2019,2019,12,Asia,Indonesia,Qatar,Palm Cockatoo,Bird,Live Animal,Vulnerable,21,live individual,53737.37,Air,Private Residence,Interpol-supported Joint Operation,1,Released - Insufficient Evidence,-0.7893,113.9213,25.3548,51.1839
WLC-0479,06-12-2019,2019,12,Africa,Uganda,Germany,Ginseng (Wild),Plant,Traditional Medicine,Endangered,0.85,kg,622.85,Sea,Seaport / Container Terminal,Customs & Border Protection,3,Under Investigation,1.3733,32.2903,51.1657,10.4515
WLC-0928,09-12-2019,2019,12,Africa,Cameroon,United States,Orchid (Wild),Plant,Live Animal,Vulnerable,12,piece,1023.53,Air,Land Border Crossing,National Wildlife Crime Unit,4,Convicted,7.3697,12.3547,37.0902,-95.7129
WLC-0656,10-12-2019,2019,12,Asia,India,Thailand,Pangolin (African),Mammal,Bushmeat,Endangered,1.09,kg,23.9,Air,Urban Wildlife Market,Interpol-supported Joint Operation,1,Prosecuted - Pending Trial,20.5937,78.9629,15.87,100.9925
WLC-0289,15-12-2019,2019,12,Asia,Cambodia,Germany,Helmeted Hornbill,Bird,Trophy,Critically Endangered,23,piece,151882.33,Air,Postal/Courier Facility,Environmental Crime Investigation Bureau,1,Released - Insufficient Evidence,12.5657,104.991,51.1657,10.4515
WLC-0423,16-12-2019,2019,12,Asia,Thailand,Belgium,Saltwater Crocodile,Reptile,Skin/Pelt,Least Concern,6,piece,1391.55,Air,Seaport / Container Terminal,Interpol-supported Joint Operation,1,Closed - No Arrest,15.87,100.9925,50.5039,4.4699
WLC-0372,20-12-2019,2019,12,Asia,Malaysia,Japan,Jaguar,Mammal,Skin/Pelt,Near Threatened,23,piece,58329.92,Sea,Postal/Courier Facility,Environmental Crime Investigation Bureau,2,Under Investigation,4.2105,101.9758,36.2048,138.2529
WLC-0570,22-12-2019,2019,12,Africa,Nigeria,Vietnam,White Rhino,Mammal,Horn,Near Threatened,1.3,kg,92366.61,Postal/Courier,Land Border Crossing,National Parks & Wildlife Service,0,Under Investigation,9.082,8.6753,14.0583,108.2772
WLC-0914,24-12-2019,2019,12,Africa,Zimbabwe,United States,Grey Parrot,Bird,Live Animal,Endangered,6,live individual,3080.1,Air,Seaport / Container Terminal,Interpol-supported Joint Operation,5,Case Dismissed,-19.0154,29.1549,37.0902,-95.7129
WLC-0075,01-01-2020,2020,1,Asia,Philippines,Japan,Palm Cockatoo,Bird,Live Animal,Vulnerable,16,live individual,71055.62,Sea,Land Border Crossing,Customs & Border Protection,3,Closed - No Arrest,12.8797,121.774,36.2048,138.2529
WLC-0215,07-01-2020,2020,1,Africa,Nigeria,France,Jaguar,Mammal,Skin/Pelt,Near Threatened,12,piece,23407.79,Sea,Land Border Crossing,Port Authority Task Force,1,Under Investigation,9.082,8.6753,46.2276,2.2137
WLC-0340,18-01-2020,2020,1,Africa,Gabon,United Kingdom,Timber Rattlesnake,Reptile,Live Animal,Least Concern,4,live individual,584.28,Sea,Land Border Crossing,Customs & Border Protection,3,Released - Insufficient Evidence,-0.8037,11.6094,55.3781,-3.436
WLC-0727,22-01-2020,2020,1,Africa,Nigeria,France,Tiger,Mammal,Bones,Endangered,1.3,kg,7056.08,Sea,Postal/Courier Facility,Coast Guard Interdiction Unit,1,Under Investigation,9.082,8.6753,46.2276,2.2137
WLC-0333,24-01-2020,2020,1,Africa,Gabon,France,Timber Rattlesnake,Reptile,Live Animal,Least Concern,38,live individual,4546.75,Air,International Airport,National Parks & Wildlife Service,0,Under Investigation,-0.8037,11.6094,46.2276,2.2137
WLC-0026,03-02-2020,2020,2,Africa,Zimbabwe,United States,Ginseng (Wild),Plant,Traditional Medicine,Endangered,33.2,kg,33289.59,Air,Land Border Crossing,National Wildlife Crime Unit,1,Under Investigation,-19.0154,29.1549,37.0902,-95.7129
WLC-0489,05-02-2020,2020,2,Africa,Namibia,Thailand,Helmeted Hornbill,Bird,Trophy,Critically Endangered,22,piece,115583.64,Land,Highway Checkpoint,Coast Guard Interdiction Unit,0,Under Investigation,-22.9576,18.4904,15.87,100.9925
WLC-0081,07-02-2020,2020,2,Africa,Zimbabwe,Japan,Tiger,Mammal,Bones,Endangered,3.15,kg,10090.33,Sea,Private Residence,Customs & Border Protection,1,Closed - No Arrest,-19.0154,29.1549,36.2048,138.2529
WLC-0303,08-02-2020,2020,2,Asia,Cambodia,China,Saker Falcon,Bird,Live Animal,Endangered,20,live individual,417057.54,Land,Land Border Crossing,Coast Guard Interdiction Unit,3,Convicted,12.5657,104.991,35.8617,104.1954
WLC-0188,13-02-2020,2020,2,Latin America,Ecuador,Hong Kong SAR,Jaguar,Mammal,Skin/Pelt,Near Threatened,15,piece,40325.23,Sea,Urban Wildlife Market,National Wildlife Crime Unit,1,Under Investigation,-1.8312,-78.1834,22.3193,114.1694
WLC-0619,16-02-2020,2020,2,Africa,Nigeria,Hong Kong SAR,Seahorse,Marine,Traditional Medicine,Vulnerable,1.67,kg,1120.99,Sea,Postal/Courier Facility,Coast Guard Interdiction Unit,1,Under Investigation,9.082,8.6753,22.3193,114.1694
WLC-0389,27-02-2020,2020,2,Asia,India,Vietnam,Shark (mixed species),Marine,Fins,Endangered,1.59,kg,581.91,Sea,International Airport,Coast Guard Interdiction Unit,1,Prosecuted - Pending Trial,20.5937,78.9629,14.0583,108.2772
WLC-0224,07-03-2020,2020,3,Asia,Cambodia,United Kingdom,Indian Star Tortoise,Reptile,Live Animal,Vulnerable,10,live individual,1214.19,Sea,International Airport,National Wildlife Crime Unit,3,Under Investigation,12.5657,104.991,55.3781,-3.436
WLC-0921,24-03-2020,2020,3,Asia,Cambodia,South Korea,Reticulated Python,Reptile,Skin/Pelt,Least Concern,19,piece,2040.69,Sea,Urban Wildlife Market,Interpol-supported Joint Operation,2,Case Dismissed,12.5657,104.991,35.9078,127.7669
WLC-0797,05-04-2020,2020,4,Africa,Cameroon,Singapore,African Blackwood,Plant,Timber,Near Threatened,3.31,kg,20.45,Air,Seaport / Container Terminal,Environmental Crime Investigation Bureau,2,Prosecuted - Pending Trial,7.3697,12.3547,1.3521,103.8198
WLC-0316,10-04-2020,2020,4,Africa,Democratic Republic of Congo,United Arab Emirates,Pangolin (Sunda),Mammal,Scales,Critically Endangered,14.86,kg,4062.04,Postal/Courier,Seaport / Container Terminal,Interpol-supported Joint Operation,3,Convicted,-4.0383,21.7587,23.4241,53.8478
WLC-0565,12-04-2020,2020,4,Asia,India,United Kingdom,Seahorse,Marine,Traditional Medicine,Vulnerable,2.6,kg,2226.65,Sea,Seaport / Container Terminal,National Parks & Wildlife Service,3,Convicted,20.5937,78.9629,55.3781,-3.436
WLC-0370,15-04-2020,2020,4,Africa,Nigeria,United Kingdom,Reticulated Python,Reptile,Skin/Pelt,Least Concern,12,piece,1530.28,Sea,Seaport / Container Terminal,Customs & Border Protection,0,Convicted,9.082,8.6753,55.3781,-3.436
WLC-0776,07-05-2020,2020,5,Asia,Vietnam,South Korea,Reticulated Python,Reptile,Skin/Pelt,Least Concern,21,piece,1745.02,Sea,International Airport,Coast Guard Interdiction Unit,0,Prosecuted - Pending Trial,14.0583,108.2772,35.9078,127.7669
WLC-0220,21-05-2020,2020,5,Asia,Vietnam,Belgium,Tiger,Mammal,Bones,Endangered,1.46,kg,6604.55,Sea,International Airport,National Parks & Wildlife Service,1,Closed - No Arrest,14.0583,108.2772,50.5039,4.4699
WLC-0042,05-06-2020,2020,6,Asia,Myanmar,United States,Palm Cockatoo,Bird,Live Animal,Vulnerable,17,live individual,83626.29,Land,Seaport / Container Terminal,Environmental Crime Investigation Bureau,2,Closed - No Arrest,21.9162,95.956,37.0902,-95.7129
WLC-0300,05-06-2020,2020,6,Africa,Cameroon,Germany,Jaguar,Mammal,Skin/Pelt,Near Threatened,9,piece,22735.65,Sea,International Airport,Interpol-supported Joint Operation,0,Closed - No Arrest,7.3697,12.3547,51.1657,10.4515
WLC-0367,05-06-2020,2020,6,Latin America,Bolivia,Thailand,Grey Parrot,Bird,Live Animal,Endangered,22,live individual,24610.7,Sea,Private Residence,National Parks & Wildlife Service,1,Closed - No Arrest,-16.2902,-63.5887,15.87,100.9925
WLC-0226,15-06-2020,2020,6,Asia,Philippines,Japan,Grey Parrot,Bird,Live Animal,Endangered,1,live individual,1042.66,Postal/Courier,Urban Wildlife Market,National Parks & Wildlife Service,1,Under Investigation,12.8797,121.774,36.2048,138.2529
WLC-0238,17-06-2020,2020,6,Africa,Namibia,South Korea,Totoaba,Marine,Swim Bladder,Critically Endangered,8.22,kg,164818.91,Sea,Land Border Crossing,Environmental Crime Investigation Bureau,1,Convicted,-22.9576,18.4904,35.9078,127.7669
WLC-0836,19-06-2020,2020,6,Asia,Vietnam,United States,Pangolin (Sunda),Mammal,Scales,Critically Endangered,18.68,kg,4878.54,Sea,Private Residence,Environmental Crime Investigation Bureau,2,Case Dismissed,14.0583,108.2772,37.0902,-95.7129
WLC-0507,22-06-2020,2020,6,Africa,Democratic Republic of Congo,Singapore,African Elephant,Mammal,Ivory,Endangered,1.42,kg,2856.98,Land,Postal/Courier Facility,Coast Guard Interdiction Unit,0,Under Investigation,-4.0383,21.7587,1.3521,103.8198
WLC-0519,25-06-2020,2020,6,Asia,India,United Arab Emirates,Green Sea Turtle,Marine,Shell,Endangered,37.38,kg,13322.54,Air,Postal/Courier Facility,Environmental Crime Investigation Bureau,1,Under Investigation,20.5937,78.9629,23.4241,53.8478
WLC-0840,08-07-2020,2020,7,Africa,Nigeria,United States,Agarwood,Plant,Timber,Vulnerable,1.42,kg,263.05,Sea,Seaport / Container Terminal,Port Authority Task Force,0,Case Dismissed,9.082,8.6753,37.0902,-95.7129
WLC-0746,21-07-2020,2020,7,Asia,India,United Kingdom,Shark (mixed species),Marine,Fins,Endangered,4.14,kg,2052.32,Sea,International Airport,Port Authority Task Force,1,Case Dismissed,20.5937,78.9629,55.3781,-3.436
WLC-0222,25-07-2020,2020,7,Asia,Laos,Singapore,Ginseng (Wild),Plant,Traditional Medicine,Endangered,1.13,kg,978.28,Sea,Postal/Courier Facility,National Wildlife Crime Unit,0,Closed - No Arrest,19.8563,102.4955,1.3521,103.8198
WLC-0767,25-07-2020,2020,7,Africa,Cameroon,Germany,Tiger,Mammal,Bones,Endangered,5.29,kg,23067.17,Air,Highway Checkpoint,Environmental Crime Investigation Bureau,4,Prosecuted - Pending Trial,7.3697,12.3547,51.1657,10.4515
WLC-0045,26-07-2020,2020,7,Africa,Uganda,United States,African Lion,Mammal,Bones,Vulnerable,57.83,kg,73661.45,Sea,International Airport,Interpol-supported Joint Operation,2,Closed - No Arrest,1.3733,32.2903,37.0902,-95.7129
WLC-0190,27-07-2020,2020,7,Africa,Mozambique,Thailand,Queen Conch,Marine,Shell,Vulnerable,8,piece,250.21,Air,Postal/Courier Facility,Port Authority Task Force,3,Closed - No Arrest,-18.6657,35.5296,15.87,100.9925
WLC-0398,02-08-2020,2020,8,Africa,Tanzania,United Arab Emirates,Pangolin (African),Mammal,Bushmeat,Endangered,9.64,kg,204.62,Postal/Courier,International Airport,Environmental Crime Investigation Bureau,0,Case Dismissed,-6.369,34.8888,23.4241,53.8478
WLC-0377,18-08-2020,2020,8,Latin America,Ecuador,China,African Lion,Mammal,Bones,Vulnerable,4.14,kg,3281.1,Sea,Postal/Courier Facility,National Parks & Wildlife Service,0,Prosecuted - Pending Trial,-1.8312,-78.1834,35.8617,104.1954
WLC-0227,22-08-2020,2020,8,Africa,Tanzania,Japan,Green Sea Turtle,Marine,Shell,Endangered,8.14,kg,1845.26,Sea,Urban Wildlife Market,Interpol-supported Joint Operation,1,Prosecuted - Pending Trial,-6.369,34.8888,36.2048,138.2529
WLC-0229,24-08-2020,2020,8,Africa,Zimbabwe,China,Grey Parrot,Bird,Live Animal,Endangered,4,live individual,1965.51,Air,Urban Wildlife Market,Coast Guard Interdiction Unit,2,Released - Insufficient Evidence,-19.0154,29.1549,35.8617,104.1954
WLC-0388,25-08-2020,2020,8,Africa,Cameroon,United Kingdom,Saker Falcon,Bird,Live Animal,Endangered,35,live individual,463311.45,Sea,Seaport / Container Terminal,Environmental Crime Investigation Bureau,1,Released - Insufficient Evidence,7.3697,12.3547,55.3781,-3.436
WLC-0134,14-09-2020,2020,9,Asia,Thailand,Thailand,Pangolin (African),Mammal,Bushmeat,Endangered,9.58,kg,210.45,Sea,Highway Checkpoint,Environmental Crime Investigation Bureau,1,Convicted,15.87,100.9925,15.87,100.9925
WLC-0850,18-09-2020,2020,9,Latin America,Brazil,Hong Kong SAR,Radiated Tortoise,Reptile,Live Animal,Critically Endangered,5,live individual,1280.11,Sea,Private Residence,Customs & Border Protection,0,Prosecuted - Pending Trial,-14.235,-51.9253,22.3193,114.1694
WLC-0019,22-09-2020,2020,9,Latin America,Mexico,Japan,African Blackwood,Plant,Timber,Near Threatened,4.81,kg,19.4,Air,International Airport,Coast Guard Interdiction Unit,0,Case Dismissed,23.6345,-102.5528,36.2048,138.2529
WLC-0342,27-09-2020,2020,9,Asia,China,China,Queen Conch,Marine,Shell,Vulnerable,9,piece,424.24,Land,International Airport,Environmental Crime Investigation Bureau,2,Convicted,35.8617,104.1954,35.8617,104.1954
WLC-0517,07-10-2020,2020,10,Asia,Laos,Qatar,Rosewood,Plant,Timber,Endangered,3.42,kg,10.9,Air,Highway Checkpoint,Interpol-supported Joint Operation,0,Case Dismissed,19.8563,102.4955,25.3548,51.1839
WLC-0816,10-10-2020,2020,10,Africa,Democratic Republic of Congo,United States,Pangolin (Ground),Mammal,Scales,Endangered,2.64,kg,353.62,Sea,Urban Wildlife Market,National Wildlife Crime Unit,4,Closed - No Arrest,-4.0383,21.7587,37.0902,-95.7129
WLC-0823,06-11-2020,2020,11,Asia,Thailand,United States,Seahorse,Marine,Traditional Medicine,Vulnerable,1.12,kg,829.54,Air,Seaport / Container Terminal,National Parks & Wildlife Service,3,Released - Insufficient Evidence,15.87,100.9925,37.0902,-95.7129
WLC-0524,15-11-2020,2020,11,Africa,Mozambique,China,Seahorse,Marine,Traditional Medicine,Vulnerable,5.09,kg,4148.82,Air,Private Residence,National Parks & Wildlife Service,0,Closed - No Arrest,-18.6657,35.5296,35.8617,104.1954
WLC-0708,23-11-2020,2020,11,Africa,Democratic Republic of Congo,Thailand,Queen Conch,Marine,Shell,Vulnerable,23,piece,1124.24,Air,Highway Checkpoint,Customs & Border Protection,2,Under Investigation,-4.0383,21.7587,15.87,100.9925
WLC-0025,23-11-2020,2020,11,Africa,Tanzania,Germany,Saltwater Crocodile,Reptile,Skin/Pelt,Least Concern,2,piece,566.01,Air,Land Border Crossing,National Parks & Wildlife Service,2,Prosecuted - Pending Trial,-6.369,34.8888,51.1657,10.4515
WLC-0408,03-12-2020,2020,12,Africa,Kenya,Singapore,Giant Clam,Marine,Shell,Vulnerable,2,piece,272.97,Sea,Highway Checkpoint,Interpol-supported Joint Operation,5,Case Dismissed,-0.0236,37.9062,1.3521,103.8198
WLC-0895,03-12-2020,2020,12,Asia,Myanmar,United Kingdom,Black Rhino,Mammal,Horn,Critically Endangered,2.02,kg,125620.83,Sea,Land Border Crossing,National Wildlife Crime Unit,5,Under Investigation,21.9162,95.956,55.3781,-3.436
WLC-0451,18-12-2020,2020,12,Africa,Madagascar,France,Tiger,Mammal,Skin/Pelt,Endangered,15,piece,126343.13,Sea,Urban Wildlife Market,Customs & Border Protection,0,Prosecuted - Pending Trial,-18.7669,46.8691,46.2276,2.2137
WLC-0428,19-12-2020,2020,12,Asia,Myanmar,France,Jaguar,Mammal,Skin/Pelt,Near Threatened,18,piece,32160.95,Sea,Private Residence,Customs & Border Protection,2,Convicted,21.9162,95.956,46.2276,2.2137
WLC-0248,20-12-2020,2020,12,Africa,Nigeria,Vietnam,Radiated Tortoise,Reptile,Live Animal,Critically Endangered,4,live individual,1282.78,Air,Seaport / Container Terminal,Environmental Crime Investigation Bureau,0,Case Dismissed,9.082,8.6753,14.0583,108.2772
WLC-0128,25-12-2020,2020,12,Africa,Uganda,United States,Timber Rattlesnake,Reptile,Live Animal,Least Concern,37,live individual,3293.46,Sea,Seaport / Container Terminal,National Parks & Wildlife Service,0,Closed - No Arrest,1.3733,32.2903,37.0902,-95.7129
WLC-0785,02-01-2021,2021,1,Asia,Philippines,France,Agarwood,Plant,Timber,Vulnerable,10.41,kg,2281.67,Land,International Airport,Coast Guard Interdiction Unit,0,Closed - No Arrest,12.8797,121.774,46.2276,2.2137
WLC-0882,03-01-2021,2021,1,Africa,Zimbabwe,Thailand,African Lion,Mammal,Bones,Vulnerable,4.74,kg,3965.47,Sea,Urban Wildlife Market,Environmental Crime Investigation Bureau,4,Under Investigation,-19.0154,29.1549,15.87,100.9925
WLC-0208,10-01-2021,2021,1,Asia,Myanmar,United States,Queen Conch,Marine,Shell,Vulnerable,10,piece,394.22,Land,Land Border Crossing,National Parks & Wildlife Service,2,Closed - No Arrest,21.9162,95.956,37.0902,-95.7129
WLC-0447,10-01-2021,2021,1,Latin America,Mexico,United Arab Emirates,Seahorse,Marine,Traditional Medicine,Vulnerable,3.42,kg,2403.93,Land,Urban Wildlife Market,National Parks & Wildlife Service,2,Convicted,23.6345,-102.5528,23.4241,53.8478
WLC-0927,12-01-2021,2021,1,Africa,South Africa,China,Seahorse,Marine,Traditional Medicine,Vulnerable,10.77,kg,6701.89,Air,Land Border Crossing,Port Authority Task Force,0,Released - Insufficient Evidence,-30.5595,22.9375,35.8617,104.1954
WLC-0812,12-01-2021,2021,1,Latin America,Bolivia,Germany,Pangolin (Sunda),Mammal,Scales,Critically Endangered,6,kg,1421.53,Sea,International Airport,Customs & Border Protection,0,Released - Insufficient Evidence,-16.2902,-63.5887,51.1657,10.4515
WLC-0697,02-02-2021,2021,2,Asia,Myanmar,Thailand,Saker Falcon,Bird,Live Animal,Endangered,14,live individual,187841.91,Air,Highway Checkpoint,National Parks & Wildlife Service,4,Under Investigation,21.9162,95.956,15.87,100.9925
WLC-0782,09-02-2021,2021,2,Asia,Thailand,Qatar,Queen Conch,Marine,Shell,Vulnerable,22,piece,1117.52,Land,Urban Wildlife Market,Interpol-supported Joint Operation,2,Convicted,15.87,100.9925,25.3548,51.1839
WLC-0064,12-02-2021,2021,2,Africa,Uganda,Belgium,Timber Rattlesnake,Reptile,Live Animal,Least Concern,19,live individual,3039.64,Postal/Courier,Seaport / Container Terminal,Interpol-supported Joint Operation,4,Released - Insufficient Evidence,1.3733,32.2903,50.5039,4.4699
WLC-0339,25-02-2021,2021,2,Africa,South Africa,Japan,Leopard,Mammal,Skin/Pelt,Vulnerable,5,piece,14993.62,Air,Highway Checkpoint,Customs & Border Protection,2,Closed - No Arrest,-30.5595,22.9375,36.2048,138.2529
WLC-0815,26-02-2021,2021,2,Africa,South Africa,United Arab Emirates,Black Rhino,Mammal,Horn,Critically Endangered,13.85,kg,1090005.63,Air,Land Border Crossing,Customs & Border Protection,2,Convicted,-30.5595,22.9375,23.4241,53.8478
WLC-0444,10-03-2021,2021,3,Africa,Cameroon,Singapore,Jaguar,Mammal,Skin/Pelt,Near Threatened,7,piece,7638,Air,Urban Wildlife Market,National Wildlife Crime Unit,3,Case Dismissed,7.3697,12.3547,1.3521,103.8198
WLC-0706,15-03-2021,2021,3,Africa,Democratic Republic of Congo,South Korea,African Elephant,Mammal,Ivory,Endangered,0.92,kg,1036.27,Air,Seaport / Container Terminal,Customs & Border Protection,1,Case Dismissed,-4.0383,21.7587,35.9078,127.7669
WLC-0842,17-03-2021,2021,3,Latin America,Mexico,China,Shark (mixed species),Marine,Fins,Endangered,2.79,kg,2061.96,Air,Private Residence,National Parks & Wildlife Service,0,Under Investigation,23.6345,-102.5528,35.8617,104.1954
WLC-0424,19-03-2021,2021,3,Latin America,Brazil,Thailand,Totoaba,Marine,Swim Bladder,Critically Endangered,1.32,kg,27894.02,Sea,Urban Wildlife Market,Interpol-supported Joint Operation,1,Under Investigation,-14.235,-51.9253,15.87,100.9925
WLC-0267,24-03-2021,2021,3,Africa,Democratic Republic of Congo,Belgium,Pangolin (Sunda),Mammal,Scales,Critically Endangered,2.36,kg,372.45,Sea,Private Residence,Interpol-supported Joint Operation,5,Under Investigation,-4.0383,21.7587,50.5039,4.4699
WLC-0828,26-03-2021,2021,3,Asia,Myanmar,China,African Lion,Mammal,Bones,Vulnerable,0.5,kg,861.15,Sea,Seaport / Container Terminal,National Parks & Wildlife Service,1,Case Dismissed,21.9162,95.956,35.8617,104.1954
WLC-0839,16-04-2021,2021,4,Africa,Tanzania,Hong Kong SAR,Indian Star Tortoise,Reptile,Live Animal,Vulnerable,27,live individual,3181.43,Land,Highway Checkpoint,Coast Guard Interdiction Unit,2,Convicted,-6.369,34.8888,22.3193,114.1694
WLC-0457,21-04-2021,2021,4,Africa,South Africa,United Arab Emirates,Helmeted Hornbill,Bird,Trophy,Critically Endangered,21,piece,80123.03,Sea,Private Residence,Environmental Crime Investigation Bureau,0,Released - Insufficient Evidence,-30.5595,22.9375,23.4241,53.8478
WLC-0862,02-05-2021,2021,5,Latin America,Brazil,South Korea,Bushmeat (mixed species),Mammal,Bushmeat,Vulnerable,2.71,kg,21.75,Air,Private Residence,Coast Guard Interdiction Unit,0,Released - Insufficient Evidence,-14.235,-51.9253,35.9078,127.7669
WLC-0679,03-05-2021,2021,5,Africa,Nigeria,Germany,Ginseng (Wild),Plant,Traditional Medicine,Endangered,13.09,kg,8302,Land,Postal/Courier Facility,National Parks & Wildlife Service,0,Convicted,9.082,8.6753,51.1657,10.4515
WLC-0383,04-05-2021,2021,5,Asia,China,Japan,Saltwater Crocodile,Reptile,Skin/Pelt,Least Concern,7,piece,2620.76,Sea,Seaport / Container Terminal,Environmental Crime Investigation Bureau,1,Under Investigation,35.8617,104.1954,36.2048,138.2529
WLC-0572,04-05-2021,2021,5,Africa,South Africa,United Arab Emirates,African Elephant,Mammal,Ivory,Endangered,3.04,kg,4423.37,Sea,Postal/Courier Facility,Environmental Crime Investigation Bureau,1,Under Investigation,-30.5595,22.9375,23.4241,53.8478
WLC-0831,09-05-2021,2021,5,Africa,Zimbabwe,China,Queen Conch,Marine,Shell,Vulnerable,14,piece,338.13,Air,Private Residence,National Parks & Wildlife Service,3,Under Investigation,-19.0154,29.1549,35.8617,104.1954
WLC-0114,25-05-2021,2021,5,Latin America,Bolivia,United Arab Emirates,Reticulated Python,Reptile,Skin/Pelt,Least Concern,12,piece,960.1,Air,Highway Checkpoint,National Wildlife Crime Unit,0,Under Investigation,-16.2902,-63.5887,23.4241,53.8478
WLC-0822,11-06-2021,2021,6,Africa,South Africa,Germany,Jaguar,Mammal,Skin/Pelt,Near Threatened,1,piece,1879.69,Sea,Postal/Courier Facility,Port Authority Task Force,0,Under Investigation,-30.5595,22.9375,51.1657,10.4515
WLC-0309,23-06-2021,2021,6,Asia,Thailand,Thailand,African Blackwood,Plant,Timber,Near Threatened,0.5,kg,2.49,Sea,Land Border Crossing,Interpol-supported Joint Operation,1,Convicted,15.87,100.9925,15.87,100.9925
WLC-0847,03-07-2021,2021,7,Africa,Namibia,Thailand,Ginseng (Wild),Plant,Traditional Medicine,Endangered,1.66,kg,1740.18,Air,Postal/Courier Facility,Port Authority Task Force,0,Convicted,-22.9576,18.4904,15.87,100.9925
WLC-0516,10-07-2021,2021,7,Asia,Philippines,Japan,African Blackwood,Plant,Timber,Near Threatened,4.34,kg,20.76,Land,Highway Checkpoint,Environmental Crime Investigation Bureau,1,Convicted,12.8797,121.774,36.2048,138.2529
WLC-0107,11-07-2021,2021,7,Latin America,Bolivia,France,Totoaba,Marine,Swim Bladder,Critically Endangered,0.7,kg,11182.05,Land,Highway Checkpoint,Customs & Border Protection,2,Prosecuted - Pending Trial,-16.2902,-63.5887,46.2276,2.2137
WLC-0787,17-07-2021,2021,7,Asia,Philippines,Qatar,African Blackwood,Plant,Timber,Near Threatened,1.75,kg,12.94,Sea,International Airport,Customs & Border Protection,1,Under Investigation,12.8797,121.774,25.3548,51.1839
WLC-0916,25-07-2021,2021,7,Asia,Cambodia,United Arab Emirates,Helmeted Hornbill,Bird,Trophy,Critically Endangered,20,piece,133881.59,Sea,Land Border Crossing,Customs & Border Protection,2,Convicted,12.5657,104.991,23.4241,53.8478
WLC-0305,26-07-2021,2021,7,Asia,Thailand,Vietnam,Reticulated Python,Reptile,Skin/Pelt,Least Concern,10,piece,609.95,Air,Highway Checkpoint,Port Authority Task Force,4,Closed - No Arrest,15.87,100.9925,14.0583,108.2772
WLC-0242,26-07-2021,2021,7,Africa,Democratic Republic of Congo,Hong Kong SAR,Shark (mixed species),Marine,Fins,Endangered,13.67,kg,5493.68,Air,International Airport,Port Authority Task Force,1,Closed - No Arrest,-4.0383,21.7587,22.3193,114.1694
WLC-0299,04-08-2021,2021,8,Africa,Democratic Republic of Congo,Thailand,Green Sea Turtle,Marine,Shell,Endangered,22.6,kg,8204.81,Sea,Land Border Crossing,Customs & Border Protection,2,Prosecuted - Pending Trial,-4.0383,21.7587,15.87,100.9925
WLC-0160,13-08-2021,2021,8,Asia,Vietnam,Thailand,White Rhino,Mammal,Horn,Near Threatened,1.42,kg,120883.21,Air,Land Border Crossing,Customs & Border Protection,0,Convicted,14.0583,108.2772,15.87,100.9925
WLC-0011,18-08-2021,2021,8,Africa,South Africa,Qatar,Saker Falcon,Bird,Live Animal,Endangered,23,live individual,442520.31,Air,Private Residence,Port Authority Task Force,2,Convicted,-30.5595,22.9375,25.3548,51.1839
WLC-0500,01-09-2021,2021,9,Asia,Myanmar,France,Pangolin (Ground),Mammal,Scales,Endangered,1.12,kg,177.53,Air,Postal/Courier Facility,Environmental Crime Investigation Bureau,2,Convicted,21.9162,95.956,46.2276,2.2137
WLC-0195,08-09-2021,2021,9,Africa,Namibia,Belgium,Timber Rattlesnake,Reptile,Live Animal,Least Concern,21,live individual,2836.88,Air,International Airport,Coast Guard Interdiction Unit,0,Closed - No Arrest,-22.9576,18.4904,50.5039,4.4699
WLC-0092,12-09-2021,2021,9,Latin America,Ecuador,United Kingdom,Agarwood,Plant,Timber,Vulnerable,8.65,kg,1884.98,Sea,Land Border Crossing,Interpol-supported Joint Operation,1,Released - Insufficient Evidence,-1.8312,-78.1834,55.3781,-3.436
WLC-0908,20-09-2021,2021,9,Africa,Nigeria,France,African Elephant,Mammal,Ivory,Endangered,2.88,kg,4214.71,Sea,Seaport / Container Terminal,Customs & Border Protection,0,Convicted,9.082,8.6753,46.2276,2.2137
WLC-0632,27-09-2021,2021,9,Africa,Nigeria,Qatar,Ginseng (Wild),Plant,Traditional Medicine,Endangered,4.16,kg,4160.97,Air,Postal/Courier Facility,Customs & Border Protection,1,Under Investigation,9.082,8.6753,25.3548,51.1839
WLC-0790,02-10-2021,2021,10,Africa,Mozambique,United Kingdom,Saker Falcon,Bird,Live Animal,Endangered,32,live individual,298659.78,Sea,Private Residence,Environmental Crime Investigation Bureau,1,Under Investigation,-18.6657,35.5296,55.3781,-3.436
WLC-0038,02-10-2021,2021,10,Africa,South Africa,Qatar,African Lion,Mammal,Bones,Vulnerable,2.15,kg,3071.86,Air,Seaport / Container Terminal,National Parks & Wildlife Service,0,Under Investigation,-30.5595,22.9375,25.3548,51.1839
WLC-0838,06-10-2021,2021,10,Africa,Nigeria,United Kingdom,African Blackwood,Plant,Timber,Near Threatened,24.14,kg,78.41,Sea,Land Border Crossing,National Parks & Wildlife Service,0,Convicted,9.082,8.6753,55.3781,-3.436
WLC-0063,08-10-2021,2021,10,Asia,Laos,Singapore,Shark (mixed species),Marine,Fins,Endangered,0.78,kg,347.19,Air,International Airport,Environmental Crime Investigation Bureau,0,Closed - No Arrest,19.8563,102.4955,1.3521,103.8198
WLC-0069,14-11-2021,2021,11,Latin America,Brazil,China,Pangolin (Sunda),Mammal,Scales,Critically Endangered,8.07,kg,1129.1,Air,Urban Wildlife Market,National Wildlife Crime Unit,2,Under Investigation,-14.235,-51.9253,35.8617,104.1954
WLC-0022,15-11-2021,2021,11,Asia,Myanmar,United Kingdom,Giant Clam,Marine,Shell,Vulnerable,16,piece,2154.38,Land,Land Border Crossing,National Wildlife Crime Unit,3,Under Investigation,21.9162,95.956,55.3781,-3.436
WLC-0594,16-11-2021,2021,11,Asia,Myanmar,China,Reticulated Python,Reptile,Skin/Pelt,Least Concern,4,piece,227.68,Sea,Postal/Courier Facility,National Wildlife Crime Unit,1,Case Dismissed,21.9162,95.956,35.8617,104.1954
WLC-0504,24-11-2021,2021,11,Africa,Democratic Republic of Congo,Japan,Queen Conch,Marine,Shell,Vulnerable,24,piece,798.17,Air,Private Residence,Environmental Crime Investigation Bureau,4,Case Dismissed,-4.0383,21.7587,36.2048,138.2529
WLC-0578,26-11-2021,2021,11,Asia,Malaysia,Vietnam,Timber Rattlesnake,Reptile,Live Animal,Least Concern,1,live individual,112.4,Sea,Land Border Crossing,National Wildlife Crime Unit,2,Closed - No Arrest,4.2105,101.9758,14.0583,108.2772
WLC-0711,27-11-2021,2021,11,Africa,Madagascar,Thailand,Orchid (Wild),Plant,Live Animal,Vulnerable,21,piece,909.46,Air,Postal/Courier Facility,Environmental Crime Investigation Bureau,1,Under Investigation,-18.7669,46.8691,15.87,100.9925
WLC-0070,03-12-2021,2021,12,Latin America,Colombia,Singapore,African Elephant,Mammal,Ivory,Endangered,2.21,kg,4541.36,Air,Urban Wildlife Market,Interpol-supported Joint Operation,0,Closed - No Arrest,4.5709,-74.2973,1.3521,103.8198
WLC-0487,22-12-2021,2021,12,Asia,Philippines,China,Black Rhino,Mammal,Horn,Critically Endangered,16.08,kg,1269505.34,Land,Urban Wildlife Market,National Wildlife Crime Unit,0,Under Investigation,12.8797,121.774,35.8617,104.1954
WLC-0060,24-12-2021,2021,12,Africa,Gabon,Thailand,Tiger,Mammal,Bones,Endangered,7.16,kg,53659.51,Sea,International Airport,Interpol-supported Joint Operation,0,Prosecuted - Pending Trial,-0.8037,11.6094,15.87,100.9925
WLC-0601,27-12-2021,2021,12,Latin America,Mexico,United Kingdom,African Blackwood,Plant,Timber,Near Threatened,1.63,kg,11.38,Air,International Airport,Coast Guard Interdiction Unit,1,Under Investigation,23.6345,-102.5528,55.3781,-3.436
WLC-0213,28-12-2021,2021,12,Latin America,Ecuador,Hong Kong SAR,Jaguar,Mammal,Skin/Pelt,Near Threatened,2,piece,4078.51,Sea,International Airport,Interpol-supported Joint Operation,3,Prosecuted - Pending Trial,-1.8312,-78.1834,22.3193,114.1694
WLC-0290,03-01-2022,2022,1,Africa,Madagascar,United Kingdom,Indian Star Tortoise,Reptile,Live Animal,Vulnerable,4,live individual,526.72,Air,International Airport,National Wildlife Crime Unit,2,Under Investigation,-18.7669,46.8691,55.3781,-3.436
WLC-0375,06-01-2022,2022,1,Africa,Gabon,United States,White Rhino,Mammal,Horn,Near Threatened,1.7,kg,102450.69,Sea,Seaport / Container Terminal,National Wildlife Crime Unit,0,Convicted,-0.8037,11.6094,37.0902,-95.7129
WLC-0758,08-01-2022,2022,1,Latin America,Mexico,United Kingdom,African Lion,Mammal,Bones,Vulnerable,0.5,kg,803.27,Air,Highway Checkpoint,Port Authority Task Force,2,Released - Insufficient Evidence,23.6345,-102.5528,55.3781,-3.436
WLC-0690,08-01-2022,2022,1,Latin America,Colombia,Vietnam,Queen Conch,Marine,Shell,Vulnerable,11,piece,403.17,Air,Private Residence,Interpol-supported Joint Operation,4,Under Investigation,4.5709,-74.2973,14.0583,108.2772
WLC-0696,12-01-2022,2022,1,Africa,Democratic Republic of Congo,Japan,Giant Clam,Marine,Shell,Vulnerable,24,piece,1756.63,Air,Postal/Courier Facility,Customs & Border Protection,3,Under Investigation,-4.0383,21.7587,36.2048,138.2529
WLC-0089,16-01-2022,2022,1,Africa,Kenya,China,Timber Rattlesnake,Reptile,Live Animal,Least Concern,31,live individual,4889.09,Sea,Urban Wildlife Market,Interpol-supported Joint Operation,0,Closed - No Arrest,-0.0236,37.9062,35.8617,104.1954
WLC-0432,16-01-2022,2022,1,Asia,Malaysia,China,Queen Conch,Marine,Shell,Vulnerable,5,piece,142.56,Land,Urban Wildlife Market,Interpol-supported Joint Operation,0,Closed - No Arrest,4.2105,101.9758,35.8617,104.1954
WLC-0354,17-01-2022,2022,1,Africa,Madagascar,Japan,Seahorse,Marine,Traditional Medicine,Vulnerable,4.74,kg,2224.23,Air,Urban Wildlife Market,Environmental Crime Investigation Bureau,0,Under Investigation,-18.7669,46.8691,36.2048,138.2529
WLC-0336,23-01-2022,2022,1,Asia,Vietnam,Singapore,Green Sea Turtle,Marine,Shell,Endangered,1.05,kg,381.97,Land,Urban Wildlife Market,Port Authority Task Force,3,Released - Insufficient Evidence,14.0583,108.2772,1.3521,103.8198
WLC-0642,04-02-2022,2022,2,Africa,Namibia,Germany,Orchid (Wild),Plant,Live Animal,Vulnerable,5,piece,237.74,Sea,Highway Checkpoint,Customs & Border Protection,0,Convicted,-22.9576,18.4904,51.1657,10.4515
WLC-0494,10-02-2022,2022,2,Africa,Namibia,Thailand,Helmeted Hornbill,Bird,Trophy,Critically Endangered,15,piece,107629.15,Air,Urban Wildlife Market,Customs & Border Protection,4,Prosecuted - Pending Trial,-22.9576,18.4904,15.87,100.9925
WLC-0121,13-02-2022,2022,2,Asia,Malaysia,Hong Kong SAR,Pangolin (Sunda),Mammal,Scales,Critically Endangered,6.18,kg,1714.21,Air,Urban Wildlife Market,National Parks & Wildlife Service,0,Convicted,4.2105,101.9758,22.3193,114.1694
WLC-0277,22-02-2022,2022,2,Asia,Thailand,United Kingdom,Timber Rattlesnake,Reptile,Live Animal,Least Concern,8,live individual,796.48,Land,Urban Wildlife Market,National Wildlife Crime Unit,2,Case Dismissed,15.87,100.9925,55.3781,-3.436
WLC-0405,01-03-2022,2022,3,Africa,Mozambique,Germany,Pangolin (Sunda),Mammal,Scales,Critically Endangered,1.08,kg,184.76,Air,Seaport / Container Terminal,Coast Guard Interdiction Unit,0,Case Dismissed,-18.6657,35.5296,51.1657,10.4515
WLC-0480,02-03-2022,2022,3,Africa,Uganda,France,Timber Rattlesnake,Reptile,Live Animal,Least Concern,25,live individual,2642.89,Sea,International Airport,Port Authority Task Force,1,Case Dismissed,1.3733,32.2903,46.2276,2.2137
WLC-0518,05-03-2022,2022,3,Africa,Mozambique,Thailand,Jaguar,Mammal,Skin/Pelt,Near Threatened,8,piece,17983.1,Sea,Urban Wildlife Market,National Parks & Wildlife Service,0,Prosecuted - Pending Trial,-18.6657,35.5296,15.87,100.9925
WLC-0287,09-03-2022,2022,3,Africa,Kenya,Thailand,African Elephant,Mammal,Ivory,Endangered,8.32,kg,16023.49,Air,Highway Checkpoint,National Parks & Wildlife Service,2,Under Investigation,-0.0236,37.9062,15.87,100.9925
WLC-0889,14-03-2022,2022,3,Africa,Mozambique,Thailand,Hawksbill Turtle,Marine,Shell,Critically Endangered,0.87,kg,293.16,Sea,Highway Checkpoint,National Wildlife Crime Unit,1,Convicted,-18.6657,35.5296,15.87,100.9925
WLC-0129,15-03-2022,2022,3,Africa,Nigeria,China,Shark (mixed species),Marine,Fins,Endangered,1.93,kg,748.47,Air,Urban Wildlife Market,Customs & Border Protection,2,Closed - No Arrest,9.082,8.6753,35.8617,104.1954
WLC-0870,15-03-2022,2022,3,Asia,Malaysia,Qatar,Totoaba,Marine,Swim Bladder,Critically Endangered,1.57,kg,33443.97,Land,International Airport,Environmental Crime Investigation Bureau,2,Under Investigation,4.2105,101.9758,25.3548,51.1839
WLC-0478,17-03-2022,2022,3,Asia,Indonesia,Thailand,African Blackwood,Plant,Timber,Near Threatened,117.38,kg,667.66,Air,Seaport / Container Terminal,Port Authority Task Force,2,Case Dismissed,-0.7893,113.9213,15.87,100.9925
WLC-0499,19-03-2022,2022,3,Asia,Indonesia,China,Indian Star Tortoise,Reptile,Live Animal,Vulnerable,12,live individual,1156.34,Sea,Postal/Courier Facility,Environmental Crime Investigation Bureau,2,Prosecuted - Pending Trial,-0.7893,113.9213,35.8617,104.1954
WLC-0110,25-03-2022,2022,3,Latin America,Brazil,United Kingdom,Pangolin (Ground),Mammal,Scales,Endangered,2.5,kg,294.09,Sea,Seaport / Container Terminal,Interpol-supported Joint Operation,0,Convicted,-14.235,-51.9253,55.3781,-3.436
WLC-0845,27-03-2022,2022,3,Africa,Cameroon,United States,Queen Conch,Marine,Shell,Vulnerable,4,piece,236.68,Air,Private Residence,National Parks & Wildlife Service,0,Case Dismissed,7.3697,12.3547,37.0902,-95.7129
WLC-0948,07-04-2022,2022,4,Asia,Philippines,South Korea,Pangolin (African),Mammal,Bushmeat,Endangered,2.87,kg,53.02,Sea,Land Border Crossing,Interpol-supported Joint Operation,5,Released - Insufficient Evidence,12.8797,121.774,35.9078,127.7669
WLC-0650,12-04-2022,2022,4,Africa,Uganda,United Kingdom,Reticulated Python,Reptile,Skin/Pelt,Least Concern,19,piece,1633.24,Air,International Airport,National Wildlife Crime Unit,1,Prosecuted - Pending Trial,1.3733,32.2903,55.3781,-3.436
WLC-0509,12-04-2022,2022,4,Africa,Madagascar,Vietnam,Shark (mixed species),Marine,Fins,Endangered,1.78,kg,588.92,Sea,Postal/Courier Facility,National Parks & Wildlife Service,4,Released - Insufficient Evidence,-18.7669,46.8691,14.0583,108.2772
WLC-0582,16-04-2022,2022,4,Asia,Vietnam,Belgium,Radiated Tortoise,Reptile,Live Animal,Critically Endangered,28,live individual,8162.92,Air,International Airport,Interpol-supported Joint Operation,3,Under Investigation,14.0583,108.2772,50.5039,4.4699
WLC-0522,17-04-2022,2022,4,Asia,Philippines,South Korea,African Elephant,Mammal,Ivory,Endangered,11.73,kg,23641.29,Sea,Seaport / Container Terminal,Customs & Border Protection,2,Under Investigation,12.8797,121.774,35.9078,127.7669
WLC-0044,19-04-2022,2022,4,Africa,Madagascar,China,Grey Parrot,Bird,Live Animal,Endangered,6,live individual,5353.02,Sea,Urban Wildlife Market,Customs & Border Protection,2,Case Dismissed,-18.7669,46.8691,35.8617,104.1954
WLC-0550,20-04-2022,2022,4,Africa,Madagascar,United Kingdom,Hawksbill Turtle,Marine,Shell,Critically Endangered,1.65,kg,987.71,Air,Highway Checkpoint,National Wildlife Crime Unit,2,Under Investigation,-18.7669,46.8691,55.3781,-3.436
WLC-0491,24-04-2022,2022,4,Latin America,Colombia,United States,Black Rhino,Mammal,Horn,Critically Endangered,2.47,kg,178720.04,Air,Urban Wildlife Market,Customs & Border Protection,1,Under Investigation,4.5709,-74.2973,37.0902,-95.7129
WLC-0004,24-04-2022,2022,4,Africa,Mozambique,Qatar,Bushmeat (mixed species),Mammal,Bushmeat,Vulnerable,1.32,kg,8.49,Air,Seaport / Container Terminal,Customs & Border Protection,2,Convicted,-18.6657,35.5296,25.3548,51.1839
WLC-0322,27-04-2022,2022,4,Asia,Thailand,China,Totoaba,Marine,Swim Bladder,Critically Endangered,2.7,kg,50163.46,Sea,Seaport / Container Terminal,Coast Guard Interdiction Unit,0,Prosecuted - Pending Trial,15.87,100.9925,35.8617,104.1954
WLC-0200,07-05-2022,2022,5,Africa,Zimbabwe,Thailand,Hawksbill Turtle,Marine,Shell,Critically Endangered,1.11,kg,414.13,Air,Seaport / Container Terminal,Environmental Crime Investigation Bureau,1,Under Investigation,-19.0154,29.1549,15.87,100.9925
WLC-0496,17-05-2022,2022,5,Africa,Kenya,Thailand,Orchid (Wild),Plant,Live Animal,Vulnerable,21,piece,1869.85,Air,Highway Checkpoint,National Parks & Wildlife Service,2,Closed - No Arrest,-0.0236,37.9062,15.87,100.9925
WLC-0738,20-05-2022,2022,5,Africa,Tanzania,Thailand,Leopard,Mammal,Skin/Pelt,Vulnerable,23,piece,58512.36,Sea,Urban Wildlife Market,Customs & Border Protection,3,Under Investigation,-6.369,34.8888,15.87,100.9925
WLC-0712,21-05-2022,2022,5,Africa,Uganda,South Korea,Leopard,Mammal,Skin/Pelt,Vulnerable,6,piece,20341.14,Sea,Urban Wildlife Market,National Parks & Wildlife Service,2,Closed - No Arrest,1.3733,32.2903,35.9078,127.7669
WLC-0635,24-05-2022,2022,5,Africa,Zimbabwe,Hong Kong SAR,Saker Falcon,Bird,Live Animal,Endangered,24,live individual,446973.35,Sea,Highway Checkpoint,Port Authority Task Force,3,Under Investigation,-19.0154,29.1549,22.3193,114.1694
WLC-0707,24-05-2022,2022,5,Africa,Madagascar,Belgium,Agarwood,Plant,Timber,Vulnerable,1.83,kg,316.38,Land,Private Residence,Port Authority Task Force,4,Under Investigation,-18.7669,46.8691,50.5039,4.4699
WLC-0901,27-05-2022,2022,5,Africa,Tanzania,Belgium,Helmeted Hornbill,Bird,Trophy,Critically Endangered,22,piece,179560.29,Air,Highway Checkpoint,Port Authority Task Force,2,Under Investigation,-6.369,34.8888,50.5039,4.4699
WLC-0829,04-06-2022,2022,6,Africa,South Africa,France,Timber Rattlesnake,Reptile,Live Animal,Least Concern,38,live individual,3127.95,Land,Urban Wildlife Market,National Parks & Wildlife Service,2,Prosecuted - Pending Trial,-30.5595,22.9375,46.2276,2.2137
WLC-0687,05-06-2022,2022,6,Africa,Namibia,Japan,Timber Rattlesnake,Reptile,Live Animal,Least Concern,16,live individual,1355.69,Land,Seaport / Container Terminal,Port Authority Task Force,0,Convicted,-22.9576,18.4904,36.2048,138.2529
WLC-0573,05-06-2022,2022,6,Africa,Namibia,Qatar,Radiated Tortoise,Reptile,Live Animal,Critically Endangered,28,live individual,13270.98,Sea,International Airport,Coast Guard Interdiction Unit,3,Under Investigation,-22.9576,18.4904,25.3548,51.1839
WLC-0609,11-06-2022,2022,6,Asia,Thailand,Qatar,Pangolin (Sunda),Mammal,Scales,Critically Endangered,2.14,kg,334.54,Air,Highway Checkpoint,National Wildlife Crime Unit,5,Closed - No Arrest,15.87,100.9925,25.3548,51.1839
WLC-0433,13-06-2022,2022,6,Africa,Tanzania,Belgium,Leopard,Mammal,Skin/Pelt,Vulnerable,21,piece,36946.54,Air,Seaport / Container Terminal,Environmental Crime Investigation Bureau,0,Under Investigation,-6.369,34.8888,50.5039,4.4699
WLC-0158,15-06-2022,2022,6,Africa,Kenya,Japan,White Rhino,Mammal,Horn,Near Threatened,3.6,kg,252249.29,Sea,Urban Wildlife Market,National Parks & Wildlife Service,4,Convicted,-0.0236,37.9062,36.2048,138.2529
WLC-0764,19-06-2022,2022,6,Africa,Madagascar,Singapore,Queen Conch,Marine,Shell,Vulnerable,10,piece,404.34,Sea,Postal/Courier Facility,Coast Guard Interdiction Unit,0,Released - Insufficient Evidence,-18.7669,46.8691,1.3521,103.8198
WLC-0106,26-06-2022,2022,6,Africa,Uganda,South Korea,Helmeted Hornbill,Bird,Trophy,Critically Endangered,3,piece,24134.34,Air,International Airport,National Parks & Wildlife Service,1,Closed - No Arrest,1.3733,32.2903,35.9078,127.7669
WLC-0006,03-07-2022,2022,7,Africa,Uganda,Japan,Leopard,Mammal,Skin/Pelt,Vulnerable,14,piece,42054.69,Air,Highway Checkpoint,National Wildlife Crime Unit,1,Convicted,1.3733,32.2903,36.2048,138.2529
WLC-0603,03-07-2022,2022,7,Africa,Mozambique,China,Radiated Tortoise,Reptile,Live Animal,Critically Endangered,22,live individual,7257.99,Sea,International Airport,Port Authority Task Force,1,Convicted,-18.6657,35.5296,35.8617,104.1954
WLC-0695,13-07-2022,2022,7,Asia,India,Singapore,Pangolin (African),Mammal,Bushmeat,Endangered,0.52,kg,8.57,Sea,Private Residence,Customs & Border Protection,2,Closed - No Arrest,20.5937,78.9629,1.3521,103.8198
WLC-0907,14-07-2022,2022,7,Africa,Madagascar,United Kingdom,Hawksbill Turtle,Marine,Shell,Critically Endangered,2.55,kg,1361.22,Sea,Urban Wildlife Market,Environmental Crime Investigation Bureau,3,Convicted,-18.7669,46.8691,55.3781,-3.436
WLC-0639,14-07-2022,2022,7,Africa,Mozambique,Germany,African Lion,Mammal,Bones,Vulnerable,0.58,kg,669.91,Sea,Seaport / Container Terminal,Port Authority Task Force,0,Prosecuted - Pending Trial,-18.6657,35.5296,51.1657,10.4515
WLC-0574,14-07-2022,2022,7,Asia,Philippines,Vietnam,African Elephant,Mammal,Ivory,Endangered,17.03,kg,21616.04,Air,Highway Checkpoint,Port Authority Task Force,2,Released - Insufficient Evidence,12.8797,121.774,14.0583,108.2772
WLC-0866,18-07-2022,2022,7,Africa,South Africa,United Arab Emirates,Giant Clam,Marine,Shell,Vulnerable,1,piece,113.08,Postal/Courier,Land Border Crossing,National Wildlife Crime Unit,0,Under Investigation,-30.5595,22.9375,23.4241,53.8478
WLC-0849,19-07-2022,2022,7,Africa,Gabon,United States,African Lion,Mammal,Bones,Vulnerable,7.22,kg,9283.84,Postal/Courier,Land Border Crossing,Coast Guard Interdiction Unit,2,Under Investigation,-0.8037,11.6094,37.0902,-95.7129
WLC-0331,19-07-2022,2022,7,Latin America,Colombia,South Korea,Agarwood,Plant,Timber,Vulnerable,12.8,kg,2413.9,Land,Urban Wildlife Market,Environmental Crime Investigation Bureau,3,Closed - No Arrest,4.5709,-74.2973,35.9078,127.7669
WLC-0347,23-07-2022,2022,7,Africa,Namibia,Belgium,Radiated Tortoise,Reptile,Live Animal,Critically Endangered,2,live individual,504.1,Sea,Highway Checkpoint,Port Authority Task Force,0,Under Investigation,-22.9576,18.4904,50.5039,4.4699
WLC-0584,26-07-2022,2022,7,Africa,Nigeria,France,Green Sea Turtle,Marine,Shell,Endangered,10.94,kg,3668.43,Sea,Postal/Courier Facility,National Parks & Wildlife Service,1,Convicted,9.082,8.6753,46.2276,2.2137
WLC-0301,27-07-2022,2022,7,Latin America,Brazil,Japan,Grey Parrot,Bird,Live Animal,Endangered,18,live individual,19866.93,Postal/Courier,Seaport / Container Terminal,Interpol-supported Joint Operation,4,Convicted,-14.235,-51.9253,36.2048,138.2529
WLC-0781,07-08-2022,2022,8,Latin America,Ecuador,China,Pangolin (Ground),Mammal,Scales,Endangered,5.26,kg,1384.65,Sea,International Airport,Customs & Border Protection,0,Released - Insufficient Evidence,-1.8312,-78.1834,35.8617,104.1954
WLC-0589,11-08-2022,2022,8,Africa,Kenya,Hong Kong SAR,Ginseng (Wild),Plant,Traditional Medicine,Endangered,4.78,kg,2592.32,Land,Postal/Courier Facility,Customs & Border Protection,1,Under Investigation,-0.0236,37.9062,22.3193,114.1694
WLC-0439,15-08-2022,2022,8,Africa,Gabon,Japan,Jaguar,Mammal,Skin/Pelt,Near Threatened,19,piece,28243,Sea,Land Border Crossing,National Parks & Wildlife Service,2,Under Investigation,-0.8037,11.6094,36.2048,138.2529
WLC-0641,16-08-2022,2022,8,Asia,China,France,Indian Star Tortoise,Reptile,Live Animal,Vulnerable,16,live individual,1815.09,Sea,Highway Checkpoint,Coast Guard Interdiction Unit,2,Convicted,35.8617,104.1954,46.2276,2.2137
WLC-0453,16-08-2022,2022,8,Latin America,Mexico,Qatar,Shark (mixed species),Marine,Fins,Endangered,2.73,kg,1241.2,Sea,International Airport,Port Authority Task Force,1,Closed - No Arrest,23.6345,-102.5528,25.3548,51.1839
WLC-0616,17-08-2022,2022,8,Africa,South Africa,United States,Radiated Tortoise,Reptile,Live Animal,Critically Endangered,5,live individual,2585.25,Air,Postal/Courier Facility,Port Authority Task Force,0,Released - Insufficient Evidence,-30.5595,22.9375,37.0902,-95.7129
WLC-0093,21-08-2022,2022,8,Latin America,Colombia,Thailand,Grey Parrot,Bird,Live Animal,Endangered,17,live individual,13155.84,Sea,International Airport,National Parks & Wildlife Service,1,Under Investigation,4.5709,-74.2973,15.87,100.9925
WLC-0284,22-08-2022,2022,8,Africa,Madagascar,South Korea,African Elephant,Mammal,Ivory,Endangered,4.55,kg,5866,Land,Urban Wildlife Market,Customs & Border Protection,0,Under Investigation,-18.7669,46.8691,35.9078,127.7669
WLC-0225,24-08-2022,2022,8,Asia,Malaysia,Qatar,Green Sea Turtle,Marine,Shell,Endangered,2,kg,441.54,Sea,Postal/Courier Facility,Port Authority Task Force,4,Closed - No Arrest,4.2105,101.9758,25.3548,51.1839
WLC-0202,25-08-2022,2022,8,Latin America,Ecuador,United Kingdom,Saker Falcon,Bird,Live Animal,Endangered,2,live individual,38291.03,Air,Highway Checkpoint,National Wildlife Crime Unit,1,Released - Insufficient Evidence,-1.8312,-78.1834,55.3781,-3.436
WLC-0270,28-08-2022,2022,8,Latin America,Peru,China,Totoaba,Marine,Swim Bladder,Critically Endangered,4.64,kg,61063.48,Air,Seaport / Container Terminal,Environmental Crime Investigation Bureau,0,Under Investigation,-9.19,-75.0152,35.8617,104.1954
WLC-0726,28-08-2022,2022,8,Africa,South Africa,Belgium,Tiger,Mammal,Bones,Endangered,2.47,kg,18259.54,Sea,Highway Checkpoint,Port Authority Task Force,0,Prosecuted - Pending Trial,-30.5595,22.9375,50.5039,4.4699
WLC-0218,06-09-2022,2022,9,Africa,Tanzania,Germany,Reticulated Python,Reptile,Skin/Pelt,Least Concern,13,piece,753.67,Sea,Private Residence,National Parks & Wildlife Service,1,Convicted,-6.369,34.8888,51.1657,10.4515
WLC-0459,12-09-2022,2022,9,Africa,Kenya,Japan,Hawksbill Turtle,Marine,Shell,Critically Endangered,1.42,kg,953.44,Sea,Postal/Courier Facility,Environmental Crime Investigation Bureau,4,Under Investigation,-0.0236,37.9062,36.2048,138.2529
WLC-0291,17-09-2022,2022,9,Africa,Zimbabwe,China,African Elephant,Mammal,Ivory,Endangered,3.65,kg,7973.72,Air,Land Border Crossing,Customs & Border Protection,0,Closed - No Arrest,-19.0154,29.1549,35.8617,104.1954
WLC-0440,17-09-2022,2022,9,Latin America,Mexico,China,Tiger,Mammal,Bones,Endangered,16.72,kg,90150.42,Sea,Highway Checkpoint,Interpol-supported Joint Operation,3,Convicted,23.6345,-102.5528,35.8617,104.1954
WLC-0276,22-09-2022,2022,9,Africa,Zimbabwe,Hong Kong SAR,Pangolin (Sunda),Mammal,Scales,Critically Endangered,3.37,kg,982.61,Sea,Private Residence,National Wildlife Crime Unit,0,Closed - No Arrest,-19.0154,29.1549,22.3193,114.1694
WLC-0005,23-09-2022,2022,9,Asia,Cambodia,Qatar,African Blackwood,Plant,Timber,Near Threatened,8.66,kg,31.43,Air,Highway Checkpoint,Port Authority Task Force,0,Under Investigation,12.5657,104.991,25.3548,51.1839
WLC-0282,28-09-2022,2022,9,Asia,Malaysia,Vietnam,Seahorse,Marine,Traditional Medicine,Vulnerable,9.31,kg,4299.57,Sea,Land Border Crossing,Environmental Crime Investigation Bureau,0,Convicted,4.2105,101.9758,14.0583,108.2772
WLC-0590,02-10-2022,2022,10,Asia,Philippines,Germany,Tiger,Mammal,Bones,Endangered,3.62,kg,20298.64,Air,International Airport,Interpol-supported Joint Operation,3,Under Investigation,12.8797,121.774,51.1657,10.4515
WLC-0700,02-10-2022,2022,10,Asia,Philippines,Germany,Tiger,Mammal,Bones,Endangered,5.96,kg,24888.34,Air,International Airport,Coast Guard Interdiction Unit,0,Convicted,12.8797,121.774,51.1657,10.4515
WLC-0311,10-10-2022,2022,10,Africa,Cameroon,United Kingdom,Agarwood,Plant,Timber,Vulnerable,3.18,kg,653.66,Sea,Highway Checkpoint,Environmental Crime Investigation Bureau,2,Under Investigation,7.3697,12.3547,55.3781,-3.436
WLC-0249,10-10-2022,2022,10,Asia,Thailand,Germany,Saltwater Crocodile,Reptile,Skin/Pelt,Least Concern,2,piece,680.97,Land,Land Border Crossing,National Parks & Wildlife Service,2,Convicted,15.87,100.9925,51.1657,10.4515
WLC-0558,12-10-2022,2022,10,Africa,Kenya,Qatar,Saltwater Crocodile,Reptile,Skin/Pelt,Least Concern,12,piece,1869.71,Air,Seaport / Container Terminal,Environmental Crime Investigation Bureau,0,Released - Insufficient Evidence,-0.0236,37.9062,25.3548,51.1839
WLC-0216,20-10-2022,2022,10,Africa,Madagascar,Vietnam,Ginseng (Wild),Plant,Traditional Medicine,Endangered,19.15,kg,24305.66,Sea,International Airport,Customs & Border Protection,2,Under Investigation,-18.7669,46.8691,14.0583,108.2772
WLC-0933,20-10-2022,2022,10,Africa,Cameroon,Germany,African Lion,Mammal,Bones,Vulnerable,1.5,kg,2538.72,Postal/Courier,Seaport / Container Terminal,Interpol-supported Joint Operation,3,Prosecuted - Pending Trial,7.3697,12.3547,51.1657,10.4515
WLC-0027,21-10-2022,2022,10,Africa,Mozambique,Belgium,Ginseng (Wild),Plant,Traditional Medicine,Endangered,9.21,kg,11707.28,Air,Highway Checkpoint,Environmental Crime Investigation Bureau,5,Released - Insufficient Evidence,-18.6657,35.5296,50.5039,4.4699
WLC-0265,05-11-2022,2022,11,Africa,South Africa,Germany,Tiger,Mammal,Bones,Endangered,11.67,kg,61568.13,Air,Private Residence,Environmental Crime Investigation Bureau,3,Case Dismissed,-30.5595,22.9375,51.1657,10.4515
WLC-0800,05-11-2022,2022,11,Africa,Uganda,Vietnam,Pangolin (African),Mammal,Bushmeat,Endangered,2.33,kg,50.33,Sea,Postal/Courier Facility,National Wildlife Crime Unit,3,Convicted,1.3733,32.2903,14.0583,108.2772
WLC-0881,07-11-2022,2022,11,Africa,Gabon,Singapore,Grey Parrot,Bird,Live Animal,Endangered,24,live individual,25131.34,Sea,International Airport,Port Authority Task Force,1,Closed - No Arrest,-0.8037,11.6094,1.3521,103.8198
WLC-0752,07-11-2022,2022,11,Africa,Madagascar,Japan,Leopard,Mammal,Skin/Pelt,Vulnerable,2,piece,5950.76,Postal/Courier,Private Residence,Interpol-supported Joint Operation,2,Closed - No Arrest,-18.7669,46.8691,36.2048,138.2529
WLC-0577,08-11-2022,2022,11,Latin America,Ecuador,South Korea,Saltwater Crocodile,Reptile,Skin/Pelt,Least Concern,22,piece,6562.34,Postal/Courier,Land Border Crossing,Customs & Border Protection,0,Closed - No Arrest,-1.8312,-78.1834,35.9078,127.7669
WLC-0830,18-11-2022,2022,11,Africa,Nigeria,France,Agarwood,Plant,Timber,Vulnerable,0.78,kg,135.89,Air,International Airport,National Wildlife Crime Unit,0,Prosecuted - Pending Trial,9.082,8.6753,46.2276,2.2137
WLC-0692,20-11-2022,2022,11,Africa,Namibia,Japan,Queen Conch,Marine,Shell,Vulnerable,17,piece,717.01,Sea,Postal/Courier Facility,Coast Guard Interdiction Unit,0,Prosecuted - Pending Trial,-22.9576,18.4904,36.2048,138.2529
WLC-0675,23-11-2022,2022,11,Africa,Mozambique,Singapore,Seahorse,Marine,Traditional Medicine,Vulnerable,1.22,kg,683.7,Sea,International Airport,Coast Guard Interdiction Unit,4,Released - Insufficient Evidence,-18.6657,35.5296,1.3521,103.8198
WLC-0913,24-11-2022,2022,11,Africa,Kenya,Hong Kong SAR,Seahorse,Marine,Traditional Medicine,Vulnerable,5.86,kg,3606.77,Air,Seaport / Container Terminal,Environmental Crime Investigation Bureau,0,Released - Insufficient Evidence,-0.0236,37.9062,22.3193,114.1694
WLC-0680,24-11-2022,2022,11,Latin America,Brazil,Thailand,African Elephant,Mammal,Ivory,Endangered,1.64,kg,2038.1,Sea,Land Border Crossing,Coast Guard Interdiction Unit,0,Prosecuted - Pending Trial,-14.235,-51.9253,15.87,100.9925
WLC-0159,25-11-2022,2022,11,Africa,Mozambique,China,Saker Falcon,Bird,Live Animal,Endangered,7,live individual,77508.73,Sea,Land Border Crossing,Environmental Crime Investigation Bureau,0,Released - Insufficient Evidence,-18.6657,35.5296,35.8617,104.1954
WLC-0649,26-11-2022,2022,11,Africa,Nigeria,Germany,Ginseng (Wild),Plant,Traditional Medicine,Endangered,2.23,kg,1347.32,Postal/Courier,Urban Wildlife Market,Customs & Border Protection,4,Case Dismissed,9.082,8.6753,51.1657,10.4515
WLC-0510,05-12-2022,2022,12,Africa,Tanzania,Hong Kong SAR,Bushmeat (mixed species),Mammal,Bushmeat,Vulnerable,1.51,kg,16.99,Land,Private Residence,Coast Guard Interdiction Unit,0,Closed - No Arrest,-6.369,34.8888,22.3193,114.1694
WLC-0715,06-12-2022,2022,12,Africa,Zimbabwe,United States,African Elephant,Mammal,Ivory,Endangered,5.13,kg,10436.26,Air,Highway Checkpoint,National Parks & Wildlife Service,1,Closed - No Arrest,-19.0154,29.1549,37.0902,-95.7129
WLC-0371,08-12-2022,2022,12,Africa,Tanzania,Singapore,Pangolin (African),Mammal,Bushmeat,Endangered,2.61,kg,37.73,Air,Postal/Courier Facility,Coast Guard Interdiction Unit,1,Convicted,-6.369,34.8888,1.3521,103.8198
WLC-0552,01-01-2023,2023,1,Africa,Nigeria,Thailand,African Elephant,Mammal,Ivory,Endangered,1.84,kg,3338.55,Air,Postal/Courier Facility,Interpol-supported Joint Operation,1,Prosecuted - Pending Trial,9.082,8.6753,15.87,100.9925
WLC-0210,09-01-2023,2023,1,Africa,Zimbabwe,Japan,Pangolin (African),Mammal,Bushmeat,Endangered,1.93,kg,30.11,Sea,Seaport / Container Terminal,Port Authority Task Force,1,Closed - No Arrest,-19.0154,29.1549,36.2048,138.2529
WLC-0430,10-01-2023,2023,1,Africa,South Africa,Qatar,Ginseng (Wild),Plant,Traditional Medicine,Endangered,11.25,kg,8803.01,Land,Seaport / Container Terminal,National Parks & Wildlife Service,2,Released - Insufficient Evidence,-30.5595,22.9375,25.3548,51.1839
WLC-0793,12-01-2023,2023,1,Asia,Laos,United Arab Emirates,Radiated Tortoise,Reptile,Live Animal,Critically Endangered,28,live individual,7815.6,Sea,Urban Wildlife Market,Interpol-supported Joint Operation,3,Released - Insufficient Evidence,19.8563,102.4955,23.4241,53.8478
WLC-0483,12-01-2023,2023,1,Asia,China,France,Giant Clam,Marine,Shell,Vulnerable,4,piece,368.63,Land,Land Border Crossing,Environmental Crime Investigation Bureau,1,Case Dismissed,35.8617,104.1954,46.2276,2.2137
WLC-0153,13-01-2023,2023,1,Africa,Uganda,Singapore,Radiated Tortoise,Reptile,Live Animal,Critically Endangered,39,live individual,17651.82,Land,Private Residence,Port Authority Task Force,1,Convicted,1.3733,32.2903,1.3521,103.8198
WLC-0909,13-01-2023,2023,1,Africa,Kenya,China,Radiated Tortoise,Reptile,Live Animal,Critically Endangered,28,live individual,11727.77,Land,Highway Checkpoint,Interpol-supported Joint Operation,2,Released - Insufficient Evidence,-0.0236,37.9062,35.8617,104.1954
WLC-0724,17-01-2023,2023,1,Africa,Democratic Republic of Congo,Thailand,Jaguar,Mammal,Skin/Pelt,Near Threatened,7,piece,14418.71,Air,Seaport / Container Terminal,Coast Guard Interdiction Unit,2,Under Investigation,-4.0383,21.7587,15.87,100.9925
WLC-0482,26-01-2023,2023,1,Asia,Vietnam,United Kingdom,Tiger,Mammal,Bones,Endangered,1.24,kg,4544.46,Air,Urban Wildlife Market,Coast Guard Interdiction Unit,1,Prosecuted - Pending Trial,14.0583,108.2772,55.3781,-3.436
WLC-0571,26-01-2023,2023,1,Africa,Nigeria,Vietnam,Radiated Tortoise,Reptile,Live Animal,Critically Endangered,18,live individual,7697.42,Air,Private Residence,Environmental Crime Investigation Bureau,1,Convicted,9.082,8.6753,14.0583,108.2772
WLC-0579,01-02-2023,2023,2,Africa,Namibia,France,African Blackwood,Plant,Timber,Near Threatened,1.12,kg,6.26,Air,Seaport / Container Terminal,National Parks & Wildlife Service,3,Under Investigation,-22.9576,18.4904,46.2276,2.2137
WLC-0324,01-02-2023,2023,2,Asia,Myanmar,Thailand,African Blackwood,Plant,Timber,Near Threatened,0.51,kg,3.38,Land,Private Residence,National Wildlife Crime Unit,1,Under Investigation,21.9162,95.956,15.87,100.9925
WLC-0885,02-02-2023,2023,2,Asia,Vietnam,United States,Helmeted Hornbill,Bird,Trophy,Critically Endangered,14,piece,111963.3,Air,Urban Wildlife Market,Environmental Crime Investigation Bureau,1,Case Dismissed,14.0583,108.2772,37.0902,-95.7129
WLC-0587,05-02-2023,2023,2,Africa,Mozambique,Belgium,African Blackwood,Plant,Timber,Near Threatened,4.12,kg,12.68,Air,Land Border Crossing,Customs & Border Protection,0,Under Investigation,-18.6657,35.5296,50.5039,4.4699
WLC-0187,07-02-2023,2023,2,Asia,Cambodia,Hong Kong SAR,Black Rhino,Mammal,Horn,Critically Endangered,0.97,kg,40041.88,Land,Postal/Courier Facility,Customs & Border Protection,1,Under Investigation,12.5657,104.991,22.3193,114.1694
WLC-0627,11-02-2023,2023,2,Africa,Democratic Republic of Congo,United Kingdom,Green Sea Turtle,Marine,Shell,Endangered,7.66,kg,2142.26,Postal/Courier,International Airport,Port Authority Task Force,1,Under Investigation,-4.0383,21.7587,55.3781,-3.436
WLC-0555,15-02-2023,2023,2,Africa,Mozambique,Singapore,Queen Conch,Marine,Shell,Vulnerable,11,piece,488.1,Sea,International Airport,Port Authority Task Force,2,Under Investigation,-18.6657,35.5296,1.3521,103.8198
WLC-0386,15-02-2023,2023,2,Latin America,Brazil,Thailand,Seahorse,Marine,Traditional Medicine,Vulnerable,12.84,kg,5109.91,Sea,Highway Checkpoint,National Wildlife Crime Unit,0,Under Investigation,-14.235,-51.9253,15.87,100.9925
WLC-0869,16-02-2023,2023,2,Africa,Nigeria,France,African Elephant,Mammal,Ivory,Endangered,9.81,kg,13781.1,Sea,Land Border Crossing,Environmental Crime Investigation Bureau,2,Released - Insufficient Evidence,9.082,8.6753,46.2276,2.2137
WLC-0585,17-02-2023,2023,2,Asia,Thailand,United Kingdom,Palm Cockatoo,Bird,Live Animal,Vulnerable,37,live individual,217859.14,Sea,Postal/Courier Facility,National Parks & Wildlife Service,5,Released - Insufficient Evidence,15.87,100.9925,55.3781,-3.436
WLC-0140,20-02-2023,2023,2,Africa,Uganda,South Korea,Radiated Tortoise,Reptile,Live Animal,Critically Endangered,4,live individual,1462.84,Air,Urban Wildlife Market,National Parks & Wildlife Service,1,Convicted,1.3733,32.2903,35.9078,127.7669
WLC-0778,23-02-2023,2023,2,Africa,Nigeria,Germany,Pangolin (African),Mammal,Bushmeat,Endangered,2.49,kg,40.74,Land,Highway Checkpoint,Environmental Crime Investigation Bureau,2,Prosecuted - Pending Trial,9.082,8.6753,51.1657,10.4515
WLC-0036,26-02-2023,2023,2,Africa,Gabon,Vietnam,African Elephant,Mammal,Ivory,Endangered,0.84,kg,1275.99,Land,Urban Wildlife Market,Interpol-supported Joint Operation,1,Prosecuted - Pending Trial,-0.8037,11.6094,14.0583,108.2772
WLC-0772,05-03-2023,2023,3,Asia,Philippines,Germany,Tiger,Mammal,Skin/Pelt,Endangered,17,piece,176689.71,Air,International Airport,National Parks & Wildlife Service,3,Under Investigation,12.8797,121.774,51.1657,10.4515
WLC-0356,10-03-2023,2023,3,Africa,Democratic Republic of Congo,Hong Kong SAR,Ginseng (Wild),Plant,Traditional Medicine,Endangered,48.96,kg,39908.6,Air,Seaport / Container Terminal,National Wildlife Crime Unit,0,Case Dismissed,-4.0383,21.7587,22.3193,114.1694
WLC-0137,13-03-2023,2023,3,Africa,Gabon,Japan,Jaguar,Mammal,Skin/Pelt,Near Threatened,11,piece,25819,Sea,Seaport / Container Terminal,Interpol-supported Joint Operation,2,Released - Insufficient Evidence,-0.8037,11.6094,36.2048,138.2529
WLC-0554,14-03-2023,2023,3,Africa,Nigeria,Japan,Timber Rattlesnake,Reptile,Live Animal,Least Concern,7,live individual,845.9,Air,Postal/Courier Facility,Port Authority Task Force,1,Closed - No Arrest,9.082,8.6753,36.2048,138.2529
WLC-0874,15-03-2023,2023,3,Latin America,Ecuador,Japan,Orchid (Wild),Plant,Live Animal,Vulnerable,12,piece,1021.37,Sea,Private Residence,National Wildlife Crime Unit,1,Convicted,-1.8312,-78.1834,36.2048,138.2529
WLC-0116,16-03-2023,2023,3,Africa,Madagascar,Thailand,Indian Star Tortoise,Reptile,Live Animal,Vulnerable,12,live individual,2251.44,Sea,Highway Checkpoint,Customs & Border Protection,1,Under Investigation,-18.7669,46.8691,15.87,100.9925
WLC-0374,20-03-2023,2023,3,Latin America,Brazil,Germany,Giant Clam,Marine,Shell,Vulnerable,5,piece,662.8,Air,Highway Checkpoint,National Wildlife Crime Unit,0,Convicted,-14.235,-51.9253,51.1657,10.4515
WLC-0364,22-03-2023,2023,3,Africa,Democratic Republic of Congo,Belgium,Black Rhino,Mammal,Horn,Critically Endangered,1.55,kg,67091.58,Sea,Highway Checkpoint,Coast Guard Interdiction Unit,0,Under Investigation,-4.0383,21.7587,50.5039,4.4699
WLC-0474,22-03-2023,2023,3,Africa,Namibia,Thailand,Ginseng (Wild),Plant,Traditional Medicine,Endangered,1.96,kg,2520.95,Air,Private Residence,Customs & Border Protection,1,Prosecuted - Pending Trial,-22.9576,18.4904,15.87,100.9925
WLC-0943,23-03-2023,2023,3,Asia,Laos,Thailand,Tiger,Mammal,Skin/Pelt,Endangered,21,piece,118737.82,Land,Postal/Courier Facility,National Parks & Wildlife Service,1,Closed - No Arrest,19.8563,102.4955,15.87,100.9925
WLC-0448,25-03-2023,2023,3,Latin America,Brazil,China,Black Rhino,Mammal,Horn,Critically Endangered,1,kg,50593.02,Sea,Urban Wildlife Market,National Wildlife Crime Unit,4,Under Investigation,-14.235,-51.9253,35.8617,104.1954
WLC-0920,11-04-2023,2023,4,Latin America,Ecuador,China,African Blackwood,Plant,Timber,Near Threatened,3.97,kg,26.88,Postal/Courier,Land Border Crossing,Environmental Crime Investigation Bureau,1,Convicted,-1.8312,-78.1834,35.8617,104.1954
WLC-0665,16-04-2023,2023,4,Africa,Zimbabwe,Japan,Saltwater Crocodile,Reptile,Skin/Pelt,Least Concern,9,piece,3189.38,Sea,International Airport,Port Authority Task Force,1,Closed - No Arrest,-19.0154,29.1549,36.2048,138.2529
WLC-0481,17-04-2023,2023,4,Africa,Mozambique,Vietnam,Palm Cockatoo,Bird,Live Animal,Vulnerable,22,live individual,65742.59,Sea,Seaport / Container Terminal,Coast Guard Interdiction Unit,0,Released - Insufficient Evidence,-18.6657,35.5296,14.0583,108.2772
WLC-0083,17-04-2023,2023,4,Africa,Uganda,Qatar,Indian Star Tortoise,Reptile,Live Animal,Vulnerable,21,live individual,2607.98,Sea,Land Border Crossing,Customs & Border Protection,0,Closed - No Arrest,1.3733,32.2903,25.3548,51.1839
WLC-0403,18-04-2023,2023,4,Asia,Myanmar,Belgium,Indian Star Tortoise,Reptile,Live Animal,Vulnerable,34,live individual,6384.04,Land,Urban Wildlife Market,Coast Guard Interdiction Unit,2,Under Investigation,21.9162,95.956,50.5039,4.4699
WLC-0492,24-04-2023,2023,4,Africa,Tanzania,United States,Giant Clam,Marine,Shell,Vulnerable,18,piece,2443.12,Postal/Courier,Land Border Crossing,Port Authority Task Force,1,Prosecuted - Pending Trial,-6.369,34.8888,37.0902,-95.7129
WLC-0366,25-04-2023,2023,4,Asia,Indonesia,China,Helmeted Hornbill,Bird,Trophy,Critically Endangered,18,piece,96061.69,Land,Urban Wildlife Market,Environmental Crime Investigation Bureau,3,Released - Insufficient Evidence,-0.7893,113.9213,35.8617,104.1954
WLC-0488,26-04-2023,2023,4,Africa,Mozambique,Thailand,African Elephant,Mammal,Ivory,Endangered,3.12,kg,6651.8,Sea,Land Border Crossing,Environmental Crime Investigation Bureau,4,Under Investigation,-18.6657,35.5296,15.87,100.9925
WLC-0735,28-04-2023,2023,4,Asia,India,France,Giant Clam,Marine,Shell,Vulnerable,16,piece,1463,Land,Land Border Crossing,National Parks & Wildlife Service,1,Under Investigation,20.5937,78.9629,46.2276,2.2137
WLC-0279,02-05-2023,2023,5,Africa,Madagascar,Hong Kong SAR,Rosewood,Plant,Timber,Endangered,2.35,kg,8.81,Air,Urban Wildlife Market,Coast Guard Interdiction Unit,3,Released - Insufficient Evidence,-18.7669,46.8691,22.3193,114.1694
WLC-0748,02-05-2023,2023,5,Asia,China,Germany,Pangolin (African),Mammal,Bushmeat,Endangered,2.81,kg,36.46,Sea,Postal/Courier Facility,Environmental Crime Investigation Bureau,0,Released - Insufficient Evidence,35.8617,104.1954,51.1657,10.4515
WLC-0827,03-05-2023,2023,5,Asia,Indonesia,Vietnam,Pangolin (African),Mammal,Bushmeat,Endangered,2.43,kg,25.2,Air,International Airport,Interpol-supported Joint Operation,4,Case Dismissed,-0.7893,113.9213,14.0583,108.2772
WLC-0651,05-05-2023,2023,5,Latin America,Peru,China,Timber Rattlesnake,Reptile,Live Animal,Least Concern,38,live individual,2930.87,Sea,Postal/Courier Facility,Coast Guard Interdiction Unit,0,Prosecuted - Pending Trial,-9.19,-75.0152,35.8617,104.1954
WLC-0382,06-05-2023,2023,5,Latin America,Brazil,France,Giant Clam,Marine,Shell,Vulnerable,6,piece,405.55,Postal/Courier,Private Residence,National Parks & Wildlife Service,0,Under Investigation,-14.235,-51.9253,46.2276,2.2137
WLC-0378,08-05-2023,2023,5,Asia,Malaysia,United Kingdom,African Blackwood,Plant,Timber,Near Threatened,29.78,kg,124.63,Sea,Seaport / Container Terminal,Coast Guard Interdiction Unit,3,Under Investigation,4.2105,101.9758,55.3781,-3.436
WLC-0221,10-05-2023,2023,5,Africa,Kenya,United Arab Emirates,Green Sea Turtle,Marine,Shell,Endangered,1.76,kg,556.85,Sea,Seaport / Container Terminal,Customs & Border Protection,0,Under Investigation,-0.0236,37.9062,23.4241,53.8478
WLC-0415,11-05-2023,2023,5,Asia,Myanmar,United States,Black Rhino,Mammal,Horn,Critically Endangered,4.92,kg,322771.7,Sea,Land Border Crossing,National Wildlife Crime Unit,0,Convicted,21.9162,95.956,37.0902,-95.7129
WLC-0532,16-05-2023,2023,5,Latin America,Peru,France,Indian Star Tortoise,Reptile,Live Animal,Vulnerable,15,live individual,1674.55,Air,International Airport,Port Authority Task Force,2,Convicted,-9.19,-75.0152,46.2276,2.2137
WLC-0643,17-05-2023,2023,5,Africa,Kenya,Qatar,Rosewood,Plant,Timber,Endangered,5.9,kg,14.16,Postal/Courier,Highway Checkpoint,Customs & Border Protection,0,Prosecuted - Pending Trial,-0.0236,37.9062,25.3548,51.1839
WLC-0002,18-05-2023,2023,5,Asia,China,United Arab Emirates,Tiger,Mammal,Bones,Endangered,1.29,kg,7089.36,Sea,Seaport / Container Terminal,National Parks & Wildlife Service,0,Released - Insufficient Evidence,35.8617,104.1954,23.4241,53.8478
WLC-0286,18-05-2023,2023,5,Africa,South Africa,Vietnam,African Elephant,Mammal,Ivory,Endangered,13.36,kg,24672.12,Air,Seaport / Container Terminal,Environmental Crime Investigation Bureau,3,Convicted,-30.5595,22.9375,14.0583,108.2772
WLC-0055,21-05-2023,2023,5,Asia,Malaysia,Qatar,White Rhino,Mammal,Horn,Near Threatened,4.3,kg,379991.07,Sea,Highway Checkpoint,Interpol-supported Joint Operation,5,Prosecuted - Pending Trial,4.2105,101.9758,25.3548,51.1839
WLC-0664,23-05-2023,2023,5,Latin America,Colombia,France,African Elephant,Mammal,Ivory,Endangered,0.6,kg,685.96,Air,Seaport / Container Terminal,Port Authority Task Force,3,Convicted,4.5709,-74.2973,46.2276,2.2137
WLC-0669,26-05-2023,2023,5,Africa,Namibia,China,Hawksbill Turtle,Marine,Shell,Critically Endangered,1.08,kg,364.59,Sea,Highway Checkpoint,Environmental Crime Investigation Bureau,0,Under Investigation,-22.9576,18.4904,35.8617,104.1954
WLC-0156,28-05-2023,2023,5,Asia,Thailand,South Korea,Rosewood,Plant,Timber,Endangered,26.93,kg,81.16,Sea,Postal/Courier Facility,National Wildlife Crime Unit,2,Under Investigation,15.87,100.9925,35.9078,127.7669
WLC-0168,06-06-2023,2023,6,Africa,Nigeria,Singapore,White Rhino,Mammal,Horn,Near Threatened,16.88,kg,911717.43,Sea,Urban Wildlife Market,Environmental Crime Investigation Bureau,1,Under Investigation,9.082,8.6753,1.3521,103.8198
WLC-0525,08-06-2023,2023,6,Asia,Vietnam,Vietnam,African Elephant,Mammal,Ivory,Endangered,6.19,kg,6081.83,Land,International Airport,Environmental Crime Investigation Bureau,3,Under Investigation,14.0583,108.2772,14.0583,108.2772
WLC-0051,10-06-2023,2023,6,Asia,Cambodia,Japan,Ginseng (Wild),Plant,Traditional Medicine,Endangered,2.79,kg,1637.92,Sea,Postal/Courier Facility,Environmental Crime Investigation Bureau,1,Convicted,12.5657,104.991,36.2048,138.2529
WLC-0102,12-06-2023,2023,6,Africa,Democratic Republic of Congo,United Kingdom,Shark (mixed species),Marine,Fins,Endangered,6.41,kg,3862.15,Sea,Highway Checkpoint,Environmental Crime Investigation Bureau,1,Released - Insufficient Evidence,-4.0383,21.7587,55.3781,-3.436
WLC-0615,13-06-2023,2023,6,Asia,Laos,Singapore,Queen Conch,Marine,Shell,Vulnerable,16,piece,760.41,Land,Highway Checkpoint,Environmental Crime Investigation Bureau,0,Convicted,19.8563,102.4955,1.3521,103.8198
WLC-0049,14-06-2023,2023,6,Latin America,Bolivia,Japan,Ginseng (Wild),Plant,Traditional Medicine,Endangered,14.43,kg,9447.22,Land,International Airport,Port Authority Task Force,1,Prosecuted - Pending Trial,-16.2902,-63.5887,36.2048,138.2529
WLC-0343,19-06-2023,2023,6,Africa,Gabon,Vietnam,Palm Cockatoo,Bird,Live Animal,Vulnerable,12,live individual,44643.3,Sea,Seaport / Container Terminal,Customs & Border Protection,1,Convicted,-0.8037,11.6094,14.0583,108.2772
WLC-0940,19-06-2023,2023,6,Africa,Uganda,Hong Kong SAR,Rosewood,Plant,Timber,Endangered,2.24,kg,6.59,Sea,Urban Wildlife Market,Coast Guard Interdiction Unit,1,Released - Insufficient Evidence,1.3733,32.2903,22.3193,114.1694
WLC-0097,22-06-2023,2023,6,Asia,Cambodia,Thailand,Reticulated Python,Reptile,Skin/Pelt,Least Concern,23,piece,2813.11,Air,Postal/Courier Facility,Coast Guard Interdiction Unit,5,Released - Insufficient Evidence,12.5657,104.991,15.87,100.9925
WLC-0178,23-06-2023,2023,6,Africa,Gabon,Thailand,Helmeted Hornbill,Bird,Trophy,Critically Endangered,2,piece,10279.32,Sea,Urban Wildlife Market,National Parks & Wildlife Service,1,Released - Insufficient Evidence,-0.8037,11.6094,15.87,100.9925
WLC-0934,01-07-2023,2023,7,Africa,Mozambique,Belgium,Tiger,Mammal,Bones,Endangered,6.19,kg,39629.73,Sea,Land Border Crossing,Customs & Border Protection,2,Under Investigation,-18.6657,35.5296,50.5039,4.4699
WLC-0730,04-07-2023,2023,7,Asia,Thailand,Thailand,Helmeted Hornbill,Bird,Trophy,Critically Endangered,24,piece,172946.52,Sea,International Airport,National Wildlife Crime Unit,2,Under Investigation,15.87,100.9925,15.87,100.9925
WLC-0674,05-07-2023,2023,7,Latin America,Brazil,Japan,African Elephant,Mammal,Ivory,Endangered,5.05,kg,7046.81,Air,Urban Wildlife Market,Coast Guard Interdiction Unit,0,Released - Insufficient Evidence,-14.235,-51.9253,36.2048,138.2529
WLC-0108,05-07-2023,2023,7,Asia,Myanmar,China,Ginseng (Wild),Plant,Traditional Medicine,Endangered,0.94,kg,877.79,Air,Highway Checkpoint,Customs & Border Protection,0,Prosecuted - Pending Trial,21.9162,95.956,35.8617,104.1954
WLC-0335,07-07-2023,2023,7,Africa,Democratic Republic of Congo,China,Reticulated Python,Reptile,Skin/Pelt,Least Concern,23,piece,1851.05,Air,International Airport,National Parks & Wildlife Service,0,Under Investigation,-4.0383,21.7587,35.8617,104.1954
WLC-0598,08-07-2023,2023,7,Africa,Namibia,United Arab Emirates,Palm Cockatoo,Bird,Live Animal,Vulnerable,3,live individual,11778.75,Sea,Seaport / Container Terminal,National Wildlife Crime Unit,1,Under Investigation,-22.9576,18.4904,23.4241,53.8478
WLC-0130,11-07-2023,2023,7,Asia,Philippines,Belgium,Orchid (Wild),Plant,Live Animal,Vulnerable,3,piece,144.6,Land,Highway Checkpoint,National Wildlife Crime Unit,1,Closed - No Arrest,12.8797,121.774,50.5039,4.4699
WLC-0104,13-07-2023,2023,7,Africa,Kenya,Qatar,Tiger,Mammal,Skin/Pelt,Endangered,19,piece,203803.82,Air,Postal/Courier Facility,National Wildlife Crime Unit,0,Under Investigation,-0.0236,37.9062,25.3548,51.1839
WLC-0313,16-07-2023,2023,7,Latin America,Colombia,Germany,Leopard,Mammal,Skin/Pelt,Vulnerable,11,piece,35195.45,Postal/Courier,International Airport,Coast Guard Interdiction Unit,2,Under Investigation,4.5709,-74.2973,51.1657,10.4515
WLC-0835,18-07-2023,2023,7,Africa,Zimbabwe,Belgium,Queen Conch,Marine,Shell,Vulnerable,21,piece,1122.23,Sea,Land Border Crossing,Coast Guard Interdiction Unit,0,Under Investigation,-19.0154,29.1549,50.5039,4.4699
WLC-0228,19-07-2023,2023,7,Africa,Nigeria,Germany,Seahorse,Marine,Traditional Medicine,Vulnerable,4.37,kg,2667.49,Air,Private Residence,Environmental Crime Investigation Bureau,0,Convicted,9.082,8.6753,51.1657,10.4515
WLC-0235,21-07-2023,2023,7,Latin America,Colombia,Singapore,Reticulated Python,Reptile,Skin/Pelt,Least Concern,6,piece,425.71,Sea,Private Residence,Interpol-supported Joint Operation,3,Under Investigation,4.5709,-74.2973,1.3521,103.8198
WLC-0077,21-07-2023,2023,7,Africa,Namibia,Thailand,Shark (mixed species),Marine,Fins,Endangered,3.43,kg,1614.07,Sea,Private Residence,Interpol-supported Joint Operation,1,Released - Insufficient Evidence,-22.9576,18.4904,15.87,100.9925
WLC-0470,24-07-2023,2023,7,Africa,Nigeria,South Korea,Rosewood,Plant,Timber,Endangered,1.67,kg,7.45,Postal/Courier,International Airport,National Parks & Wildlife Service,1,Under Investigation,9.082,8.6753,35.9078,127.7669
WLC-0034,27-07-2023,2023,7,Africa,Uganda,Qatar,Orchid (Wild),Plant,Live Animal,Vulnerable,9,piece,395.82,Air,Land Border Crossing,National Parks & Wildlife Service,4,Convicted,1.3733,32.2903,25.3548,51.1839
WLC-0469,27-07-2023,2023,7,Latin America,Brazil,Belgium,Green Sea Turtle,Marine,Shell,Endangered,1.44,kg,599.49,Sea,Land Border Crossing,Port Authority Task Force,3,Closed - No Arrest,-14.235,-51.9253,50.5039,4.4699
WLC-0898,03-08-2023,2023,8,Asia,Laos,China,Pangolin (African),Mammal,Bushmeat,Endangered,3.78,kg,45.89,Postal/Courier,Postal/Courier Facility,Port Authority Task Force,5,Released - Insufficient Evidence,19.8563,102.4955,35.8617,104.1954
WLC-0497,17-08-2023,2023,8,Asia,Laos,South Korea,Green Sea Turtle,Marine,Shell,Endangered,1.49,kg,386.73,Postal/Courier,Land Border Crossing,Port Authority Task Force,1,Convicted,19.8563,102.4955,35.9078,127.7669
WLC-0817,18-08-2023,2023,8,Africa,Cameroon,Vietnam,African Elephant,Mammal,Ivory,Endangered,0.77,kg,1476.4,Sea,Private Residence,National Parks & Wildlife Service,5,Released - Insufficient Evidence,7.3697,12.3547,14.0583,108.2772
WLC-0857,23-08-2023,2023,8,Asia,China,Qatar,Seahorse,Marine,Traditional Medicine,Vulnerable,31.31,kg,16710.49,Postal/Courier,Urban Wildlife Market,Coast Guard Interdiction Unit,2,Under Investigation,35.8617,104.1954,25.3548,51.1839
WLC-0417,01-09-2023,2023,9,Latin America,Bolivia,China,Pangolin (African),Mammal,Bushmeat,Endangered,20.21,kg,453.88,Land,Urban Wildlife Market,Customs & Border Protection,1,Prosecuted - Pending Trial,-16.2902,-63.5887,35.8617,104.1954
WLC-0647,02-09-2023,2023,9,Latin America,Mexico,China,Pangolin (African),Mammal,Bushmeat,Endangered,0.79,kg,15.18,Air,Private Residence,Interpol-supported Joint Operation,1,Case Dismissed,23.6345,-102.5528,35.8617,104.1954
WLC-0368,05-09-2023,2023,9,Latin America,Ecuador,Singapore,Timber Rattlesnake,Reptile,Live Animal,Least Concern,29,live individual,3686.34,Sea,Urban Wildlife Market,National Wildlife Crime Unit,1,Under Investigation,-1.8312,-78.1834,1.3521,103.8198
WLC-0720,07-09-2023,2023,9,Africa,Kenya,Belgium,Shark (mixed species),Marine,Fins,Endangered,1.87,kg,941.46,Air,Seaport / Container Terminal,National Parks & Wildlife Service,4,Under Investigation,-0.0236,37.9062,50.5039,4.4699
WLC-0760,07-09-2023,2023,9,Africa,Nigeria,Japan,Shark (mixed species),Marine,Fins,Endangered,1.74,kg,1104.23,Sea,Private Residence,Port Authority Task Force,2,Convicted,9.082,8.6753,36.2048,138.2529
WLC-0310,09-09-2023,2023,9,Latin America,Peru,France,Ginseng (Wild),Plant,Traditional Medicine,Endangered,1.52,kg,1689.09,Sea,Private Residence,Interpol-supported Joint Operation,3,Convicted,-9.19,-75.0152,46.2276,2.2137
WLC-0312,13-09-2023,2023,9,Latin America,Bolivia,United Arab Emirates,Totoaba,Marine,Swim Bladder,Critically Endangered,3.35,kg,79085.85,Sea,Urban Wildlife Market,National Parks & Wildlife Service,2,Convicted,-16.2902,-63.5887,23.4241,53.8478
WLC-0268,15-09-2023,2023,9,Africa,Gabon,United Arab Emirates,Leopard,Mammal,Skin/Pelt,Vulnerable,19,piece,31898.86,Sea,Postal/Courier Facility,Port Authority Task Force,3,Prosecuted - Pending Trial,-0.8037,11.6094,23.4241,53.8478
WLC-0925,28-09-2023,2023,9,Latin America,Mexico,Germany,Queen Conch,Marine,Shell,Vulnerable,20,piece,844.29,Land,Seaport / Container Terminal,National Wildlife Crime Unit,2,Under Investigation,23.6345,-102.5528,51.1657,10.4515
WLC-0236,02-10-2023,2023,10,Africa,Namibia,Qatar,Leopard,Mammal,Skin/Pelt,Vulnerable,22,piece,65896.7,Sea,Land Border Crossing,Customs & Border Protection,3,Closed - No Arrest,-22.9576,18.4904,25.3548,51.1839
WLC-0923,02-10-2023,2023,10,Asia,Laos,South Korea,Jaguar,Mammal,Skin/Pelt,Near Threatened,14,piece,15459.24,Air,International Airport,National Parks & Wildlife Service,2,Convicted,19.8563,102.4955,35.9078,127.7669
WLC-0771,04-10-2023,2023,10,Africa,Zimbabwe,Germany,Helmeted Hornbill,Bird,Trophy,Critically Endangered,3,piece,16463.49,Sea,Land Border Crossing,National Wildlife Crime Unit,5,Under Investigation,-19.0154,29.1549,51.1657,10.4515
WLC-0467,08-10-2023,2023,10,Asia,Myanmar,China,Shark (mixed species),Marine,Fins,Endangered,16.94,kg,11347.12,Air,Land Border Crossing,Interpol-supported Joint Operation,1,Under Investigation,21.9162,95.956,35.8617,104.1954
WLC-0437,10-10-2023,2023,10,Latin America,Colombia,Vietnam,Timber Rattlesnake,Reptile,Live Animal,Least Concern,32,live individual,3913.14,Sea,Postal/Courier Facility,National Wildlife Crime Unit,1,Closed - No Arrest,4.5709,-74.2973,14.0583,108.2772
WLC-0795,14-10-2023,2023,10,Latin America,Ecuador,France,Palm Cockatoo,Bird,Live Animal,Vulnerable,9,live individual,51848.93,Air,International Airport,Port Authority Task Force,0,Under Investigation,-1.8312,-78.1834,46.2276,2.2137
WLC-0032,15-10-2023,2023,10,Africa,Madagascar,South Korea,Giant Clam,Marine,Shell,Vulnerable,15,piece,1662.68,Air,Urban Wildlife Market,Environmental Crime Investigation Bureau,2,Convicted,-18.7669,46.8691,35.9078,127.7669
WLC-0506,15-10-2023,2023,10,Africa,Uganda,China,Timber Rattlesnake,Reptile,Live Animal,Least Concern,38,live individual,6396.93,Air,Seaport / Container Terminal,National Parks & Wildlife Service,1,Under Investigation,1.3733,32.2903,35.8617,104.1954
WLC-0031,17-10-2023,2023,10,Africa,Cameroon,Singapore,Seahorse,Marine,Traditional Medicine,Vulnerable,0.59,kg,256.18,Air,Land Border Crossing,National Parks & Wildlife Service,5,Released - Insufficient Evidence,7.3697,12.3547,1.3521,103.8198
WLC-0833,23-10-2023,2023,10,Africa,Gabon,Hong Kong SAR,Grey Parrot,Bird,Live Animal,Endangered,23,live individual,23675.83,Sea,Land Border Crossing,Interpol-supported Joint Operation,0,Case Dismissed,-0.8037,11.6094,22.3193,114.1694
WLC-0304,02-11-2023,2023,11,Africa,Cameroon,Japan,African Blackwood,Plant,Timber,Near Threatened,5.68,kg,22.97,Air,Highway Checkpoint,Interpol-supported Joint Operation,2,Released - Insufficient Evidence,7.3697,12.3547,36.2048,138.2529
WLC-0175,03-11-2023,2023,11,Asia,Indonesia,China,African Blackwood,Plant,Timber,Near Threatened,1.69,kg,9.42,Sea,Private Residence,Environmental Crime Investigation Bureau,0,Released - Insufficient Evidence,-0.7893,113.9213,35.8617,104.1954
WLC-0527,05-11-2023,2023,11,Asia,Laos,Belgium,Orchid (Wild),Plant,Live Animal,Vulnerable,17,piece,1297.62,Air,Urban Wildlife Market,National Wildlife Crime Unit,1,Convicted,19.8563,102.4955,50.5039,4.4699
WLC-0330,06-11-2023,2023,11,Africa,Zimbabwe,Singapore,Bushmeat (mixed species),Mammal,Bushmeat,Vulnerable,1.53,kg,9.03,Sea,Urban Wildlife Market,National Parks & Wildlife Service,1,Case Dismissed,-19.0154,29.1549,1.3521,103.8198
WLC-0172,07-11-2023,2023,11,Africa,Gabon,China,Hawksbill Turtle,Marine,Shell,Critically Endangered,2.01,kg,557.71,Sea,Private Residence,Customs & Border Protection,1,Case Dismissed,-0.8037,11.6094,35.8617,104.1954
WLC-0023,07-11-2023,2023,11,Africa,Cameroon,Vietnam,Agarwood,Plant,Timber,Vulnerable,2.99,kg,619.26,Sea,Seaport / Container Terminal,Port Authority Task Force,1,Under Investigation,7.3697,12.3547,14.0583,108.2772
WLC-0380,14-11-2023,2023,11,Asia,China,Germany,Leopard,Mammal,Skin/Pelt,Vulnerable,12,piece,39413.14,Sea,Urban Wildlife Market,National Parks & Wildlife Service,3,Closed - No Arrest,35.8617,104.1954,51.1657,10.4515
WLC-0597,15-11-2023,2023,11,Asia,India,United Kingdom,Queen Conch,Marine,Shell,Vulnerable,4,piece,140.84,Air,Highway Checkpoint,Port Authority Task Force,2,Convicted,20.5937,78.9629,55.3781,-3.436
WLC-0266,18-11-2023,2023,11,Africa,Gabon,Vietnam,Grey Parrot,Bird,Live Animal,Endangered,30,live individual,15711.28,Sea,Seaport / Container Terminal,Customs & Border Protection,1,Under Investigation,-0.8037,11.6094,14.0583,108.2772
WLC-0057,21-11-2023,2023,11,Latin America,Ecuador,United Kingdom,Indian Star Tortoise,Reptile,Live Animal,Vulnerable,33,live individual,3186.95,Air,Private Residence,National Parks & Wildlife Service,0,Case Dismissed,-1.8312,-78.1834,55.3781,-3.436
WLC-0513,24-11-2023,2023,11,Asia,Thailand,France,Bushmeat (mixed species),Mammal,Bushmeat,Vulnerable,6.97,kg,51.44,Sea,Highway Checkpoint,National Parks & Wildlife Service,2,Prosecuted - Pending Trial,15.87,100.9925,46.2276,2.2137
WLC-0112,24-11-2023,2023,11,Africa,Uganda,Belgium,Grey Parrot,Bird,Live Animal,Endangered,30,live individual,16891.05,Land,Seaport / Container Terminal,National Wildlife Crime Unit,2,Under Investigation,1.3733,32.2903,50.5039,4.4699
WLC-0054,27-11-2023,2023,11,Asia,Laos,Germany,Pangolin (Ground),Mammal,Scales,Endangered,13.1,kg,3030.71,Sea,Seaport / Container Terminal,Coast Guard Interdiction Unit,4,Released - Insufficient Evidence,19.8563,102.4955,51.1657,10.4515
WLC-0384,27-11-2023,2023,11,Asia,China,China,African Blackwood,Plant,Timber,Near Threatened,2.87,kg,19.2,Land,Urban Wildlife Market,Interpol-supported Joint Operation,0,Convicted,35.8617,104.1954,35.8617,104.1954
WLC-0149,03-12-2023,2023,12,Asia,Indonesia,Hong Kong SAR,Ginseng (Wild),Plant,Traditional Medicine,Endangered,10.87,kg,8562.28,Air,International Airport,Environmental Crime Investigation Bureau,2,Released - Insufficient Evidence,-0.7893,113.9213,22.3193,114.1694
WLC-0766,05-12-2023,2023,12,Asia,Malaysia,Germany,African Lion,Mammal,Bones,Vulnerable,10.07,kg,14143.86,Air,Highway Checkpoint,Environmental Crime Investigation Bureau,2,Case Dismissed,4.2105,101.9758,51.1657,10.4515
WLC-0561,05-12-2023,2023,12,Africa,Cameroon,United States,Reticulated Python,Reptile,Skin/Pelt,Least Concern,2,piece,245.48,Sea,Postal/Courier Facility,Environmental Crime Investigation Bureau,1,Case Dismissed,7.3697,12.3547,37.0902,-95.7129
WLC-0151,06-12-2023,2023,12,Asia,Cambodia,United Arab Emirates,Radiated Tortoise,Reptile,Live Animal,Critically Endangered,32,live individual,14144.15,Land,Highway Checkpoint,Customs & Border Protection,2,Convicted,12.5657,104.991,23.4241,53.8478
WLC-0824,09-12-2023,2023,12,Africa,Mozambique,United Arab Emirates,Leopard,Mammal,Skin/Pelt,Vulnerable,24,piece,81909.94,Air,Urban Wildlife Market,Customs & Border Protection,0,Case Dismissed,-18.6657,35.5296,23.4241,53.8478
WLC-0254,09-12-2023,2023,12,Asia,Cambodia,Hong Kong SAR,Tiger,Mammal,Skin/Pelt,Endangered,18,piece,135678.53,Air,Land Border Crossing,Port Authority Task Force,1,Released - Insufficient Evidence,12.5657,104.991,22.3193,114.1694
WLC-0233,10-12-2023,2023,12,Latin America,Bolivia,Qatar,Green Sea Turtle,Marine,Shell,Endangered,5.09,kg,1288.82,Sea,Postal/Courier Facility,Port Authority Task Force,1,Under Investigation,-16.2902,-63.5887,25.3548,51.1839
WLC-0586,13-12-2023,2023,12,Africa,Zimbabwe,Japan,Green Sea Turtle,Marine,Shell,Endangered,0.5,kg,159.35,Postal/Courier,Land Border Crossing,National Wildlife Crime Unit,0,Case Dismissed,-19.0154,29.1549,36.2048,138.2529
WLC-0217,13-12-2023,2023,12,Asia,Cambodia,Belgium,White Rhino,Mammal,Horn,Near Threatened,7.05,kg,618119.08,Sea,Land Border Crossing,Environmental Crime Investigation Bureau,2,Case Dismissed,12.5657,104.991,50.5039,4.4699
WLC-0390,14-12-2023,2023,12,Africa,Zimbabwe,South Korea,Grey Parrot,Bird,Live Animal,Endangered,9,live individual,7702.54,Air,Seaport / Container Terminal,National Wildlife Crime Unit,1,Under Investigation,-19.0154,29.1549,35.9078,127.7669
WLC-0667,19-12-2023,2023,12,Africa,Democratic Republic of Congo,Japan,Giant Clam,Marine,Shell,Vulnerable,16,piece,2014.65,Air,Urban Wildlife Market,Coast Guard Interdiction Unit,0,Convicted,-4.0383,21.7587,36.2048,138.2529
WLC-0636,21-12-2023,2023,12,Asia,Laos,Thailand,Green Sea Turtle,Marine,Shell,Endangered,16.26,kg,7313.75,Sea,International Airport,Environmental Crime Investigation Bureau,2,Released - Insufficient Evidence,19.8563,102.4955,15.87,100.9925
WLC-0622,21-12-2023,2023,12,Latin America,Peru,Hong Kong SAR,White Rhino,Mammal,Horn,Near Threatened,43.83,kg,3317358.02,Land,Urban Wildlife Market,Interpol-supported Joint Operation,1,Closed - No Arrest,-9.19,-75.0152,22.3193,114.1694
WLC-0385,21-12-2023,2023,12,Asia,Thailand,Belgium,Agarwood,Plant,Timber,Vulnerable,0.89,kg,104.32,Sea,International Airport,Interpol-supported Joint Operation,2,Under Investigation,15.87,100.9925,50.5039,4.4699
WLC-0754,22-12-2023,2023,12,Africa,Uganda,China,Radiated Tortoise,Reptile,Live Animal,Critically Endangered,11,live individual,2913.78,Land,Highway Checkpoint,Port Authority Task Force,3,Convicted,1.3733,32.2903,35.8617,104.1954
WLC-0275,26-12-2023,2023,12,Asia,Cambodia,South Korea,Helmeted Hornbill,Bird,Trophy,Critically Endangered,12,piece,78633.51,Sea,Seaport / Container Terminal,Interpol-supported Joint Operation,4,Closed - No Arrest,12.5657,104.991,35.9078,127.7669
WLC-0194,28-12-2023,2023,12,Africa,Mozambique,Japan,Queen Conch,Marine,Shell,Vulnerable,15,piece,583.24,Air,Private Residence,Interpol-supported Joint Operation,3,Under Investigation,-18.6657,35.5296,36.2048,138.2529
WLC-0037,03-01-2024,2024,1,Latin America,Bolivia,Germany,Totoaba,Marine,Swim Bladder,Critically Endangered,7.19,kg,215584.13,Land,Private Residence,Customs & Border Protection,2,Case Dismissed,-16.2902,-63.5887,51.1657,10.4515
WLC-0544,07-01-2024,2024,1,Africa,Cameroon,Japan,Giant Clam,Marine,Shell,Vulnerable,10,piece,970.43,Air,International Airport,Environmental Crime Investigation Bureau,3,Prosecuted - Pending Trial,7.3697,12.3547,36.2048,138.2529
WLC-0768,08-01-2024,2024,1,Asia,Indonesia,United Kingdom,Hawksbill Turtle,Marine,Shell,Critically Endangered,3.62,kg,1552.67,Sea,International Airport,National Wildlife Crime Unit,1,Under Investigation,-0.7893,113.9213,55.3781,-3.436
WLC-0678,11-01-2024,2024,1,Asia,India,Thailand,Rosewood,Plant,Timber,Endangered,10.88,kg,23.64,Land,Postal/Courier Facility,Customs & Border Protection,1,Under Investigation,20.5937,78.9629,15.87,100.9925
WLC-0623,12-01-2024,2024,1,Africa,Cameroon,China,Radiated Tortoise,Reptile,Live Animal,Critically Endangered,35,live individual,7943.66,Sea,International Airport,Interpol-supported Joint Operation,0,Convicted,7.3697,12.3547,35.8617,104.1954
WLC-0197,14-01-2024,2024,1,Asia,Thailand,South Korea,Jaguar,Mammal,Skin/Pelt,Near Threatened,18,piece,48593.16,Sea,Seaport / Container Terminal,National Wildlife Crime Unit,1,Closed - No Arrest,15.87,100.9925,35.9078,127.7669
WLC-0770,14-01-2024,2024,1,Africa,Mozambique,United States,Tiger,Mammal,Skin/Pelt,Endangered,5,piece,39323.47,Sea,Postal/Courier Facility,Coast Guard Interdiction Unit,0,Under Investigation,-18.6657,35.5296,37.0902,-95.7129
WLC-0613,25-01-2024,2024,1,Asia,Myanmar,Singapore,African Lion,Mammal,Bones,Vulnerable,11.41,kg,9000.8,Sea,International Airport,National Wildlife Crime Unit,0,Under Investigation,21.9162,95.956,1.3521,103.8198
WLC-0352,02-02-2024,2024,2,Africa,Tanzania,United Arab Emirates,Pangolin (African),Mammal,Bushmeat,Endangered,7.28,kg,135.78,Postal/Courier,Postal/Courier Facility,Customs & Border Protection,0,Convicted,-6.369,34.8888,23.4241,53.8478
WLC-0135,04-02-2024,2024,2,Africa,Cameroon,South Korea,Saltwater Crocodile,Reptile,Skin/Pelt,Least Concern,9,piece,2863.22,Air,Urban Wildlife Market,Environmental Crime Investigation Bureau,4,Under Investigation,7.3697,12.3547,35.9078,127.7669
WLC-0495,06-02-2024,2024,2,Africa,Madagascar,Singapore,African Lion,Mammal,Bones,Vulnerable,1,kg,986.89,Air,Highway Checkpoint,National Wildlife Crime Unit,2,Under Investigation,-18.7669,46.8691,1.3521,103.8198
WLC-0821,07-02-2024,2024,2,Asia,China,France,African Elephant,Mammal,Ivory,Endangered,2.13,kg,3039.35,Land,Private Residence,National Parks & Wildlife Service,0,Released - Insufficient Evidence,35.8617,104.1954,46.2276,2.2137
WLC-0397,10-02-2024,2024,2,Africa,South Africa,Thailand,Helmeted Hornbill,Bird,Trophy,Critically Endangered,8,piece,64418.51,Air,Land Border Crossing,National Wildlife Crime Unit,1,Prosecuted - Pending Trial,-30.5595,22.9375,15.87,100.9925
WLC-0098,11-02-2024,2024,2,Africa,Zimbabwe,Singapore,Palm Cockatoo,Bird,Live Animal,Vulnerable,26,live individual,117245.98,Air,Highway Checkpoint,Environmental Crime Investigation Bureau,1,Under Investigation,-19.0154,29.1549,1.3521,103.8198
WLC-0562,11-02-2024,2024,2,Asia,Malaysia,China,Bushmeat (mixed species),Mammal,Bushmeat,Vulnerable,19.6,kg,163.05,Sea,Seaport / Container Terminal,Interpol-supported Joint Operation,2,Under Investigation,4.2105,101.9758,35.8617,104.1954
WLC-0941,18-02-2024,2024,2,Africa,Democratic Republic of Congo,Hong Kong SAR,African Elephant,Mammal,Ivory,Endangered,3.03,kg,4646.85,Sea,International Airport,National Parks & Wildlife Service,1,Case Dismissed,-4.0383,21.7587,22.3193,114.1694
WLC-0030,20-02-2024,2024,2,Asia,Cambodia,United States,Seahorse,Marine,Traditional Medicine,Vulnerable,3.57,kg,1840.71,Sea,Private Residence,National Parks & Wildlife Service,2,Under Investigation,12.5657,104.991,37.0902,-95.7129
WLC-0703,20-02-2024,2024,2,Latin America,Colombia,United Arab Emirates,Saker Falcon,Bird,Live Animal,Endangered,26,live individual,451202.29,Postal/Courier,Land Border Crossing,Customs & Border Protection,3,Convicted,4.5709,-74.2973,23.4241,53.8478
WLC-0769,27-02-2024,2024,2,Africa,Democratic Republic of Congo,France,Tiger,Mammal,Bones,Endangered,14.44,kg,73228.3,Sea,Private Residence,Port Authority Task Force,2,Prosecuted - Pending Trial,-4.0383,21.7587,46.2276,2.2137
WLC-0074,07-03-2024,2024,3,Africa,Gabon,China,Palm Cockatoo,Bird,Live Animal,Vulnerable,14,live individual,75746.76,Sea,Seaport / Container Terminal,Environmental Crime Investigation Bureau,0,Convicted,-0.8037,11.6094,35.8617,104.1954
WLC-0196,08-03-2024,2024,3,Asia,Malaysia,Qatar,White Rhino,Mammal,Horn,Near Threatened,3.82,kg,190855.17,Air,Postal/Courier Facility,Port Authority Task Force,2,Under Investigation,4.2105,101.9758,25.3548,51.1839
WLC-0848,10-03-2024,2024,3,Asia,Indonesia,Vietnam,African Elephant,Mammal,Ivory,Endangered,4.07,kg,8950.38,Sea,Highway Checkpoint,Customs & Border Protection,1,Closed - No Arrest,-0.7893,113.9213,14.0583,108.2772
WLC-0184,15-03-2024,2024,3,Africa,Tanzania,South Korea,African Elephant,Mammal,Ivory,Endangered,3.22,kg,3292.28,Air,Highway Checkpoint,Coast Guard Interdiction Unit,1,Closed - No Arrest,-6.369,34.8888,35.9078,127.7669
WLC-0315,16-03-2024,2024,3,Africa,Cameroon,Germany,Reticulated Python,Reptile,Skin/Pelt,Least Concern,18,piece,1197.18,Sea,Highway Checkpoint,Environmental Crime Investigation Bureau,1,Closed - No Arrest,7.3697,12.3547,51.1657,10.4515
WLC-0165,24-03-2024,2024,3,Asia,Thailand,Thailand,Tiger,Mammal,Bones,Endangered,0.5,kg,3538.03,Land,Urban Wildlife Market,Port Authority Task Force,1,Released - Insufficient Evidence,15.87,100.9925,15.87,100.9925
WLC-0644,24-03-2024,2024,3,Africa,Cameroon,United Arab Emirates,Radiated Tortoise,Reptile,Live Animal,Critically Endangered,34,live individual,14675.42,Sea,Postal/Courier Facility,Environmental Crime Investigation Bureau,3,Convicted,7.3697,12.3547,23.4241,53.8478
WLC-0166,25-03-2024,2024,3,Africa,Democratic Republic of Congo,Germany,Rosewood,Plant,Timber,Endangered,6.89,kg,30.82,Sea,Highway Checkpoint,Customs & Border Protection,1,Convicted,-4.0383,21.7587,51.1657,10.4515
WLC-0560,27-03-2024,2024,3,Latin America,Bolivia,Belgium,Rosewood,Plant,Timber,Endangered,3.17,kg,12.52,Postal/Courier,Seaport / Container Terminal,National Parks & Wildlife Service,3,Case Dismissed,-16.2902,-63.5887,50.5039,4.4699
WLC-0580,10-04-2024,2024,4,Asia,China,Germany,Saltwater Crocodile,Reptile,Skin/Pelt,Least Concern,2,piece,501.9,Air,International Airport,Coast Guard Interdiction Unit,0,Under Investigation,35.8617,104.1954,51.1657,10.4515
WLC-0152,12-04-2024,2024,4,Latin America,Ecuador,United States,African Elephant,Mammal,Ivory,Endangered,2.97,kg,4573.23,Air,Private Residence,Coast Guard Interdiction Unit,5,Under Investigation,-1.8312,-78.1834,37.0902,-95.7129
WLC-0638,13-04-2024,2024,4,Africa,Democratic Republic of Congo,Japan,African Elephant,Mammal,Ivory,Endangered,2.36,kg,3265.85,Sea,Postal/Courier Facility,Coast Guard Interdiction Unit,0,Under Investigation,-4.0383,21.7587,36.2048,138.2529
WLC-0080,14-04-2024,2024,4,Africa,Democratic Republic of Congo,United States,Totoaba,Marine,Swim Bladder,Critically Endangered,0.5,kg,14594.09,Sea,Highway Checkpoint,Interpol-supported Joint Operation,0,Under Investigation,-4.0383,21.7587,37.0902,-95.7129
WLC-0003,21-04-2024,2024,4,Latin America,Bolivia,Germany,White Rhino,Mammal,Horn,Near Threatened,5.96,kg,228657.8,Air,Postal/Courier Facility,National Parks & Wildlife Service,0,Case Dismissed,-16.2902,-63.5887,51.1657,10.4515
WLC-0591,21-04-2024,2024,4,Africa,Gabon,Qatar,Totoaba,Marine,Swim Bladder,Critically Endangered,1.27,kg,29601.36,Air,International Airport,Port Authority Task Force,0,Under Investigation,-0.8037,11.6094,25.3548,51.1839
WLC-0087,26-04-2024,2024,4,Africa,Namibia,France,Seahorse,Marine,Traditional Medicine,Vulnerable,6.35,kg,2998.26,Air,International Airport,Port Authority Task Force,0,Under Investigation,-22.9576,18.4904,46.2276,2.2137
WLC-0088,05-05-2024,2024,5,Africa,Madagascar,United Arab Emirates,Grey Parrot,Bird,Live Animal,Endangered,33,live individual,35282.99,Sea,Highway Checkpoint,Coast Guard Interdiction Unit,2,Convicted,-18.7669,46.8691,23.4241,53.8478
WLC-0646,08-05-2024,2024,5,Latin America,Mexico,Qatar,African Elephant,Mammal,Ivory,Endangered,3.02,kg,5011.03,Sea,Private Residence,Port Authority Task Force,0,Prosecuted - Pending Trial,23.6345,-102.5528,25.3548,51.1839
WLC-0118,10-05-2024,2024,5,Asia,Indonesia,China,Saker Falcon,Bird,Live Animal,Endangered,10,live individual,152877.25,Land,Postal/Courier Facility,Interpol-supported Joint Operation,0,Released - Insufficient Evidence,-0.7893,113.9213,35.8617,104.1954
WLC-0682,10-05-2024,2024,5,Africa,Madagascar,Singapore,Saker Falcon,Bird,Live Animal,Endangered,18,live individual,315699.56,Sea,Seaport / Container Terminal,Customs & Border Protection,1,Closed - No Arrest,-18.7669,46.8691,1.3521,103.8198
WLC-0392,11-05-2024,2024,5,Africa,Namibia,South Korea,Agarwood,Plant,Timber,Vulnerable,21.02,kg,1946.92,Sea,Private Residence,Coast Guard Interdiction Unit,0,Convicted,-22.9576,18.4904,35.9078,127.7669
WLC-0141,17-05-2024,2024,5,Asia,Indonesia,Qatar,Tiger,Mammal,Skin/Pelt,Endangered,3,piece,21189.92,Postal/Courier,Highway Checkpoint,Coast Guard Interdiction Unit,1,Under Investigation,-0.7893,113.9213,25.3548,51.1839
WLC-0843,21-05-2024,2024,5,Africa,Tanzania,China,Helmeted Hornbill,Bird,Trophy,Critically Endangered,7,piece,45885.94,Air,Postal/Courier Facility,Coast Guard Interdiction Unit,3,Prosecuted - Pending Trial,-6.369,34.8888,35.8617,104.1954
WLC-0614,23-05-2024,2024,5,Latin America,Mexico,United Arab Emirates,Grey Parrot,Bird,Live Animal,Endangered,33,live individual,27189.01,Sea,Highway Checkpoint,Port Authority Task Force,3,Released - Insufficient Evidence,23.6345,-102.5528,23.4241,53.8478
WLC-0626,27-05-2024,2024,5,Africa,Uganda,South Korea,Palm Cockatoo,Bird,Live Animal,Vulnerable,5,live individual,15553.14,Land,International Airport,Environmental Crime Investigation Bureau,0,Under Investigation,1.3733,32.2903,35.9078,127.7669
WLC-0811,27-05-2024,2024,5,Africa,Zimbabwe,United Arab Emirates,African Blackwood,Plant,Timber,Near Threatened,9.97,kg,57.66,Air,Seaport / Container Terminal,National Parks & Wildlife Service,3,Convicted,-19.0154,29.1549,23.4241,53.8478
WLC-0714,01-06-2024,2024,6,Africa,Namibia,South Korea,Reticulated Python,Reptile,Skin/Pelt,Least Concern,1,piece,83.55,Postal/Courier,Urban Wildlife Market,Environmental Crime Investigation Bureau,2,Prosecuted - Pending Trial,-22.9576,18.4904,35.9078,127.7669
WLC-0010,03-06-2024,2024,6,Asia,China,United Kingdom,Hawksbill Turtle,Marine,Shell,Critically Endangered,2.24,kg,1255.16,Postal/Courier,International Airport,Customs & Border Protection,1,Under Investigation,35.8617,104.1954,55.3781,-3.436
WLC-0285,03-06-2024,2024,6,Asia,India,Vietnam,Totoaba,Marine,Swim Bladder,Critically Endangered,6.12,kg,157327.69,Air,Private Residence,National Parks & Wildlife Service,4,Closed - No Arrest,20.5937,78.9629,14.0583,108.2772
WLC-0514,04-06-2024,2024,6,Africa,Democratic Republic of Congo,Hong Kong SAR,African Lion,Mammal,Bones,Vulnerable,6.32,kg,8297.53,Air,Postal/Courier Facility,Port Authority Task Force,2,Under Investigation,-4.0383,21.7587,22.3193,114.1694
WLC-0814,05-06-2024,2024,6,Africa,South Africa,China,Saltwater Crocodile,Reptile,Skin/Pelt,Least Concern,9,piece,2059,Air,Urban Wildlife Market,National Parks & Wildlife Service,1,Closed - No Arrest,-30.5595,22.9375,35.8617,104.1954
WLC-0950,09-06-2024,2024,6,Africa,Tanzania,Germany,Grey Parrot,Bird,Live Animal,Endangered,20,live individual,21815.02,Land,Highway Checkpoint,Customs & Border Protection,2,Convicted,-6.369,34.8888,51.1657,10.4515
WLC-0477,11-06-2024,2024,6,Africa,Cameroon,Germany,Palm Cockatoo,Bird,Live Animal,Vulnerable,15,live individual,40172.37,Land,Postal/Courier Facility,Interpol-supported Joint Operation,0,Closed - No Arrest,7.3697,12.3547,51.1657,10.4515
WLC-0803,12-06-2024,2024,6,Asia,Vietnam,Japan,Reticulated Python,Reptile,Skin/Pelt,Least Concern,23,piece,1389.42,Land,Urban Wildlife Market,National Wildlife Crime Unit,1,Closed - No Arrest,14.0583,108.2772,36.2048,138.2529
WLC-0183,14-06-2024,2024,6,Africa,Nigeria,Qatar,Seahorse,Marine,Traditional Medicine,Vulnerable,2.99,kg,1807.02,Postal/Courier,International Airport,Port Authority Task Force,3,Prosecuted - Pending Trial,9.082,8.6753,25.3548,51.1839
WLC-0612,20-06-2024,2024,6,Africa,Gabon,Germany,African Elephant,Mammal,Ivory,Endangered,12.3,kg,21899.43,Air,Postal/Courier Facility,National Parks & Wildlife Service,1,Released - Insufficient Evidence,-0.8037,11.6094,51.1657,10.4515
WLC-0628,21-06-2024,2024,6,Africa,Cameroon,United Kingdom,Seahorse,Marine,Traditional Medicine,Vulnerable,2.89,kg,1136.89,Air,Postal/Courier Facility,Customs & Border Protection,1,Released - Insufficient Evidence,7.3697,12.3547,55.3781,-3.436
WLC-0418,22-06-2024,2024,6,Africa,Zimbabwe,South Korea,Reticulated Python,Reptile,Skin/Pelt,Least Concern,10,piece,864.17,Land,Postal/Courier Facility,Environmental Crime Investigation Bureau,1,Convicted,-19.0154,29.1549,35.9078,127.7669
WLC-0465,23-06-2024,2024,6,Africa,Tanzania,United Kingdom,Pangolin (African),Mammal,Bushmeat,Endangered,2.86,kg,25.91,Sea,Postal/Courier Facility,Interpol-supported Joint Operation,0,Under Investigation,-6.369,34.8888,55.3781,-3.436
WLC-0404,01-07-2024,2024,7,Africa,Nigeria,Japan,Helmeted Hornbill,Bird,Trophy,Critically Endangered,11,piece,48001.02,Air,Seaport / Container Terminal,Coast Guard Interdiction Unit,1,Under Investigation,9.082,8.6753,36.2048,138.2529
WLC-0533,03-07-2024,2024,7,Africa,Gabon,Japan,Palm Cockatoo,Bird,Live Animal,Vulnerable,2,live individual,8279.49,Sea,Postal/Courier Facility,Environmental Crime Investigation Bureau,0,Case Dismissed,-0.8037,11.6094,36.2048,138.2529
WLC-0073,05-07-2024,2024,7,Africa,Tanzania,France,Pangolin (Ground),Mammal,Scales,Endangered,3.04,kg,817.39,Air,Postal/Courier Facility,Environmental Crime Investigation Bureau,2,Under Investigation,-6.369,34.8888,46.2276,2.2137
WLC-0062,10-07-2024,2024,7,Africa,Mozambique,Belgium,Pangolin (African),Mammal,Bushmeat,Endangered,1.23,kg,15.79,Sea,Urban Wildlife Market,Coast Guard Interdiction Unit,4,Under Investigation,-18.6657,35.5296,50.5039,4.4699
WLC-0602,14-07-2024,2024,7,Africa,Uganda,Germany,Saker Falcon,Bird,Live Animal,Endangered,19,live individual,271524.83,Land,Postal/Courier Facility,National Parks & Wildlife Service,1,Convicted,1.3733,32.2903,51.1657,10.4515
WLC-0113,15-07-2024,2024,7,Latin America,Colombia,United Kingdom,Saker Falcon,Bird,Live Animal,Endangered,2,live individual,43613.43,Sea,Seaport / Container Terminal,Coast Guard Interdiction Unit,2,Released - Insufficient Evidence,4.5709,-74.2973,55.3781,-3.436
WLC-0013,16-07-2024,2024,7,Asia,Vietnam,China,Green Sea Turtle,Marine,Shell,Endangered,1.09,kg,426.56,Postal/Courier,Urban Wildlife Market,Environmental Crime Investigation Bureau,0,Convicted,14.0583,108.2772,35.8617,104.1954
WLC-0710,19-07-2024,2024,7,Africa,Tanzania,Belgium,Saltwater Crocodile,Reptile,Skin/Pelt,Least Concern,15,piece,2931.71,Land,Highway Checkpoint,National Parks & Wildlife Service,4,Closed - No Arrest,-6.369,34.8888,50.5039,4.4699
WLC-0332,19-07-2024,2024,7,Africa,Gabon,Qatar,Ginseng (Wild),Plant,Traditional Medicine,Endangered,0.76,kg,563.64,Sea,Postal/Courier Facility,Interpol-supported Joint Operation,2,Released - Insufficient Evidence,-0.8037,11.6094,25.3548,51.1839
WLC-0762,20-07-2024,2024,7,Latin America,Bolivia,United Kingdom,Hawksbill Turtle,Marine,Shell,Critically Endangered,4.31,kg,2259.74,Sea,Land Border Crossing,Interpol-supported Joint Operation,4,Released - Insufficient Evidence,-16.2902,-63.5887,55.3781,-3.436
WLC-0174,26-07-2024,2024,7,Africa,Cameroon,France,Giant Clam,Marine,Shell,Vulnerable,13,piece,794.1,Air,Seaport / Container Terminal,Coast Guard Interdiction Unit,3,Closed - No Arrest,7.3697,12.3547,46.2276,2.2137
WLC-0323,03-08-2024,2024,8,Asia,Myanmar,United Arab Emirates,Rosewood,Plant,Timber,Endangered,2.8,kg,10.12,Sea,Seaport / Container Terminal,Environmental Crime Investigation Bureau,2,Under Investigation,21.9162,95.956,23.4241,53.8478
WLC-0606,04-08-2024,2024,8,Africa,South Africa,Vietnam,Agarwood,Plant,Timber,Vulnerable,3.39,kg,393.09,Air,International Airport,Port Authority Task Force,2,Under Investigation,-30.5595,22.9375,14.0583,108.2772
WLC-0749,05-08-2024,2024,8,Africa,Kenya,Qatar,Black Rhino,Mammal,Horn,Critically Endangered,1.23,kg,72627.61,Sea,Seaport / Container Terminal,Interpol-supported Joint Operation,2,Released - Insufficient Evidence,-0.0236,37.9062,25.3548,51.1839
WLC-0731,05-08-2024,2024,8,Asia,China,Thailand,Queen Conch,Marine,Shell,Vulnerable,3,piece,100.94,Land,Seaport / Container Terminal,Coast Guard Interdiction Unit,0,Case Dismissed,35.8617,104.1954,15.87,100.9925
WLC-0021,06-08-2024,2024,8,Africa,Madagascar,France,Jaguar,Mammal,Skin/Pelt,Near Threatened,23,piece,48461.91,Air,Land Border Crossing,National Parks & Wildlife Service,0,Under Investigation,-18.7669,46.8691,46.2276,2.2137
WLC-0805,06-08-2024,2024,8,Africa,Democratic Republic of Congo,United Kingdom,Reticulated Python,Reptile,Skin/Pelt,Least Concern,24,piece,2425.69,Sea,Highway Checkpoint,Customs & Border Protection,4,Released - Insufficient Evidence,-4.0383,21.7587,55.3781,-3.436
WLC-0411,07-08-2024,2024,8,Asia,Laos,United Kingdom,Jaguar,Mammal,Skin/Pelt,Near Threatened,14,piece,27578.53,Sea,Seaport / Container Terminal,National Wildlife Crime Unit,1,Convicted,19.8563,102.4955,55.3781,-3.436
WLC-0328,10-08-2024,2024,8,Africa,Democratic Republic of Congo,China,Jaguar,Mammal,Skin/Pelt,Near Threatened,18,piece,33642.25,Air,Land Border Crossing,Environmental Crime Investigation Bureau,0,Under Investigation,-4.0383,21.7587,35.8617,104.1954
WLC-0681,12-08-2024,2024,8,Africa,Madagascar,China,Tiger,Mammal,Skin/Pelt,Endangered,5,piece,51950.56,Air,Highway Checkpoint,National Parks & Wildlife Service,0,Convicted,-18.7669,46.8691,35.8617,104.1954
WLC-0012,13-08-2024,2024,8,Africa,Uganda,China,White Rhino,Mammal,Horn,Near Threatened,8.32,kg,364451.83,Sea,Seaport / Container Terminal,National Parks & Wildlife Service,0,Convicted,1.3733,32.2903,35.8617,104.1954
WLC-0040,15-08-2024,2024,8,Asia,India,Japan,Saker Falcon,Bird,Live Animal,Endangered,25,live individual,472934.62,Land,Private Residence,National Wildlife Crime Unit,0,Under Investigation,20.5937,78.9629,36.2048,138.2529
WLC-0832,16-08-2024,2024,8,Asia,Laos,China,Ginseng (Wild),Plant,Traditional Medicine,Endangered,2.96,kg,2430.41,Land,Land Border Crossing,Customs & Border Protection,2,Case Dismissed,19.8563,102.4955,35.8617,104.1954
WLC-0548,16-08-2024,2024,8,Africa,Nigeria,United Kingdom,Queen Conch,Marine,Shell,Vulnerable,8,piece,390.53,Air,Seaport / Container Terminal,Coast Guard Interdiction Unit,2,Prosecuted - Pending Trial,9.082,8.6753,55.3781,-3.436
WLC-0109,22-08-2024,2024,8,Africa,Tanzania,Japan,Totoaba,Marine,Swim Bladder,Critically Endangered,8.5,kg,205527.81,Air,Seaport / Container Terminal,National Wildlife Crime Unit,0,Under Investigation,-6.369,34.8888,36.2048,138.2529
WLC-0493,22-08-2024,2024,8,Africa,Cameroon,South Korea,Tiger,Mammal,Skin/Pelt,Endangered,1,piece,9108.71,Postal/Courier,Land Border Crossing,Environmental Crime Investigation Bureau,2,Convicted,7.3697,12.3547,35.9078,127.7669
WLC-0946,23-08-2024,2024,8,Asia,Myanmar,Vietnam,Palm Cockatoo,Bird,Live Animal,Vulnerable,33,live individual,115955.4,Postal/Courier,Postal/Courier Facility,Interpol-supported Joint Operation,2,Released - Insufficient Evidence,21.9162,95.956,14.0583,108.2772
WLC-0261,23-08-2024,2024,8,Asia,Indonesia,Hong Kong SAR,Grey Parrot,Bird,Live Animal,Endangered,27,live individual,26515.17,Sea,Urban Wildlife Market,Coast Guard Interdiction Unit,2,Under Investigation,-0.7893,113.9213,22.3193,114.1694
WLC-0358,23-08-2024,2024,8,Africa,Uganda,United Kingdom,Indian Star Tortoise,Reptile,Live Animal,Vulnerable,35,live individual,4063.75,Air,Highway Checkpoint,Customs & Border Protection,1,Closed - No Arrest,1.3733,32.2903,55.3781,-3.436
WLC-0475,24-08-2024,2024,8,Africa,Tanzania,Hong Kong SAR,Saltwater Crocodile,Reptile,Skin/Pelt,Least Concern,19,piece,6395.81,Sea,International Airport,Environmental Crime Investigation Bureau,0,Prosecuted - Pending Trial,-6.369,34.8888,22.3193,114.1694
WLC-0396,26-08-2024,2024,8,Latin America,Colombia,Vietnam,Pangolin (African),Mammal,Bushmeat,Endangered,3.04,kg,47.44,Sea,Highway Checkpoint,National Wildlife Crime Unit,2,Under Investigation,4.5709,-74.2973,14.0583,108.2772
WLC-0853,27-08-2024,2024,8,Asia,Cambodia,Thailand,Radiated Tortoise,Reptile,Live Animal,Critically Endangered,34,live individual,15422.55,Sea,International Airport,Interpol-supported Joint Operation,0,Released - Insufficient Evidence,12.5657,104.991,15.87,100.9925
WLC-0652,28-08-2024,2024,8,Africa,Tanzania,Hong Kong SAR,Seahorse,Marine,Traditional Medicine,Vulnerable,12.56,kg,10528.36,Sea,Land Border Crossing,Interpol-supported Joint Operation,1,Case Dismissed,-6.369,34.8888,22.3193,114.1694
WLC-0798,01-09-2024,2024,9,Africa,Namibia,United Kingdom,Rosewood,Plant,Timber,Endangered,11.03,kg,21.54,Sea,International Airport,Coast Guard Interdiction Unit,0,Under Investigation,-22.9576,18.4904,55.3781,-3.436
WLC-0176,03-09-2024,2024,9,Africa,Zimbabwe,Japan,Radiated Tortoise,Reptile,Live Animal,Critically Endangered,13,live individual,4241.01,Postal/Courier,Urban Wildlife Market,National Parks & Wildlife Service,0,Under Investigation,-19.0154,29.1549,36.2048,138.2529
WLC-0645,10-09-2024,2024,9,Asia,Philippines,Japan,African Blackwood,Plant,Timber,Near Threatened,12.17,kg,69.96,Sea,Urban Wildlife Market,Port Authority Task Force,1,Under Investigation,12.8797,121.774,36.2048,138.2529
WLC-0549,17-09-2024,2024,9,Africa,Cameroon,France,Palm Cockatoo,Bird,Live Animal,Vulnerable,14,live individual,55007.79,Sea,Land Border Crossing,National Parks & Wildlife Service,1,Convicted,7.3697,12.3547,46.2276,2.2137
WLC-0608,20-09-2024,2024,9,Latin America,Peru,Hong Kong SAR,Pangolin (Sunda),Mammal,Scales,Critically Endangered,8.11,kg,1901.88,Air,Highway Checkpoint,Port Authority Task Force,5,Closed - No Arrest,-9.19,-75.0152,22.3193,114.1694
WLC-0668,26-09-2024,2024,9,Asia,Indonesia,Singapore,Ginseng (Wild),Plant,Traditional Medicine,Endangered,6.96,kg,4093.06,Sea,Urban Wildlife Market,National Parks & Wildlife Service,2,Case Dismissed,-0.7893,113.9213,1.3521,103.8198
WLC-0436,28-09-2024,2024,9,Africa,Gabon,China,Saker Falcon,Bird,Live Animal,Endangered,9,live individual,177276.07,Sea,Seaport / Container Terminal,Coast Guard Interdiction Unit,1,Prosecuted - Pending Trial,-0.8037,11.6094,35.8617,104.1954
WLC-0676,04-10-2024,2024,10,Asia,Vietnam,Japan,Helmeted Hornbill,Bird,Trophy,Critically Endangered,10,piece,89164.34,Sea,Postal/Courier Facility,Interpol-supported Joint Operation,1,Convicted,14.0583,108.2772,36.2048,138.2529
WLC-0666,04-10-2024,2024,10,Africa,Uganda,Qatar,African Elephant,Mammal,Ivory,Endangered,4.74,kg,10326.25,Air,International Airport,National Wildlife Crime Unit,5,Released - Insufficient Evidence,1.3733,32.2903,25.3548,51.1839
WLC-0935,05-10-2024,2024,10,Africa,Uganda,Vietnam,Queen Conch,Marine,Shell,Vulnerable,10,piece,262.15,Land,Postal/Courier Facility,Interpol-supported Joint Operation,2,Convicted,1.3733,32.2903,14.0583,108.2772
WLC-0293,14-10-2024,2024,10,Asia,Malaysia,United Arab Emirates,Palm Cockatoo,Bird,Live Animal,Vulnerable,19,live individual,94879.41,Air,Seaport / Container Terminal,Port Authority Task Force,2,Convicted,4.2105,101.9758,23.4241,53.8478
WLC-0742,26-10-2024,2024,10,Africa,Gabon,Japan,Green Sea Turtle,Marine,Shell,Endangered,3.18,kg,693.35,Sea,Private Residence,National Parks & Wildlife Service,0,Under Investigation,-0.8037,11.6094,36.2048,138.2529
WLC-0633,01-11-2024,2024,11,Asia,India,Singapore,White Rhino,Mammal,Horn,Near Threatened,1.33,kg,64390.52,Sea,Private Residence,Coast Guard Interdiction Unit,2,Prosecuted - Pending Trial,20.5937,78.9629,1.3521,103.8198
WLC-0414,04-11-2024,2024,11,Africa,Madagascar,South Korea,Saker Falcon,Bird,Live Animal,Endangered,13,live individual,257864.36,Sea,Land Border Crossing,Environmental Crime Investigation Bureau,0,Under Investigation,-18.7669,46.8691,35.9078,127.7669
WLC-0912,04-11-2024,2024,11,Latin America,Ecuador,Belgium,African Blackwood,Plant,Timber,Near Threatened,0.92,kg,4.03,Air,Land Border Crossing,Interpol-supported Joint Operation,4,Prosecuted - Pending Trial,-1.8312,-78.1834,50.5039,4.4699
WLC-0317,06-11-2024,2024,11,Africa,Uganda,Japan,African Elephant,Mammal,Ivory,Endangered,2.6,kg,4835.85,Sea,Postal/Courier Facility,Coast Guard Interdiction Unit,1,Closed - No Arrest,1.3733,32.2903,36.2048,138.2529
WLC-0756,07-11-2024,2024,11,Africa,Madagascar,China,Indian Star Tortoise,Reptile,Live Animal,Vulnerable,35,live individual,6368.11,Sea,Private Residence,Environmental Crime Investigation Bureau,0,Convicted,-18.7669,46.8691,35.8617,104.1954
WLC-0837,07-11-2024,2024,11,Asia,Laos,South Korea,African Blackwood,Plant,Timber,Near Threatened,0.5,kg,2.95,Air,International Airport,Interpol-supported Joint Operation,1,Prosecuted - Pending Trial,19.8563,102.4955,35.9078,127.7669
WLC-0867,11-11-2024,2024,11,Asia,Thailand,France,Saltwater Crocodile,Reptile,Skin/Pelt,Least Concern,16,piece,4793.28,Land,International Airport,Environmental Crime Investigation Bureau,4,Released - Insufficient Evidence,15.87,100.9925,46.2276,2.2137
WLC-0844,12-11-2024,2024,11,Asia,China,Singapore,Seahorse,Marine,Traditional Medicine,Vulnerable,3.06,kg,1945.99,Air,Private Residence,National Parks & Wildlife Service,5,Closed - No Arrest,35.8617,104.1954,1.3521,103.8198
WLC-0379,13-11-2024,2024,11,Africa,Zimbabwe,Japan,Pangolin (Ground),Mammal,Scales,Endangered,10.57,kg,1193.75,Land,Seaport / Container Terminal,Coast Guard Interdiction Unit,1,Closed - No Arrest,-19.0154,29.1549,36.2048,138.2529
WLC-0410,13-11-2024,2024,11,Latin America,Colombia,Germany,Saltwater Crocodile,Reptile,Skin/Pelt,Least Concern,24,piece,5337.88,Sea,International Airport,National Parks & Wildlife Service,3,Under Investigation,4.5709,-74.2973,51.1657,10.4515
WLC-0575,21-11-2024,2024,11,Africa,Gabon,United States,Black Rhino,Mammal,Horn,Critically Endangered,2.56,kg,183102.22,Sea,Postal/Courier Facility,National Parks & Wildlife Service,3,Under Investigation,-0.8037,11.6094,37.0902,-95.7129
WLC-0894,21-11-2024,2024,11,Africa,Cameroon,China,Saker Falcon,Bird,Live Animal,Endangered,32,live individual,362742.66,Sea,Highway Checkpoint,National Parks & Wildlife Service,0,Prosecuted - Pending Trial,7.3697,12.3547,35.8617,104.1954
WLC-0689,26-11-2024,2024,11,Asia,Philippines,Singapore,Bushmeat (mixed species),Mammal,Bushmeat,Vulnerable,5.11,kg,35.12,Sea,Seaport / Container Terminal,National Parks & Wildlife Service,3,Closed - No Arrest,12.8797,121.774,1.3521,103.8198
WLC-0892,28-11-2024,2024,11,Africa,Madagascar,Qatar,Pangolin (Ground),Mammal,Scales,Endangered,0.84,kg,192.96,Sea,Private Residence,Coast Guard Interdiction Unit,2,Under Investigation,-18.7669,46.8691,25.3548,51.1839
WLC-0783,28-11-2024,2024,11,Africa,Madagascar,Hong Kong SAR,Totoaba,Marine,Swim Bladder,Critically Endangered,6.01,kg,156709.11,Air,Highway Checkpoint,National Wildlife Crime Unit,1,Under Investigation,-18.7669,46.8691,22.3193,114.1694
WLC-0223,02-12-2024,2024,12,Asia,Vietnam,Germany,Palm Cockatoo,Bird,Live Animal,Vulnerable,20,live individual,116435.73,Air,International Airport,National Parks & Wildlife Service,3,Under Investigation,14.0583,108.2772,51.1657,10.4515
WLC-0728,05-12-2024,2024,12,Latin America,Mexico,France,Indian Star Tortoise,Reptile,Live Animal,Vulnerable,15,live individual,2973.39,Sea,International Airport,National Wildlife Crime Unit,2,Closed - No Arrest,23.6345,-102.5528,46.2276,2.2137
WLC-0320,07-12-2024,2024,12,Africa,Zimbabwe,Qatar,African Blackwood,Plant,Timber,Near Threatened,5.82,kg,19.73,Air,Postal/Courier Facility,Interpol-supported Joint Operation,0,Closed - No Arrest,-19.0154,29.1549,25.3548,51.1839
WLC-0511,07-12-2024,2024,12,Asia,Indonesia,Singapore,Hawksbill Turtle,Marine,Shell,Critically Endangered,4.27,kg,2328.96,Land,Postal/Courier Facility,Coast Guard Interdiction Unit,0,Under Investigation,-0.7893,113.9213,1.3521,103.8198
WLC-0281,09-12-2024,2024,12,Africa,Cameroon,Qatar,Pangolin (Ground),Mammal,Scales,Endangered,0.98,kg,116.99,Air,Urban Wildlife Market,National Wildlife Crime Unit,0,Closed - No Arrest,7.3697,12.3547,25.3548,51.1839
WLC-0709,11-12-2024,2024,12,Africa,Mozambique,Singapore,White Rhino,Mammal,Horn,Near Threatened,4.46,kg,163957.95,Air,Highway Checkpoint,National Parks & Wildlife Service,3,Closed - No Arrest,-18.6657,35.5296,1.3521,103.8198
WLC-0047,11-12-2024,2024,12,Asia,China,China,Jaguar,Mammal,Skin/Pelt,Near Threatened,10,piece,13288.53,Land,Urban Wildlife Market,Port Authority Task Force,2,Under Investigation,35.8617,104.1954,35.8617,104.1954
WLC-0802,13-12-2024,2024,12,Africa,South Africa,France,Bushmeat (mixed species),Mammal,Bushmeat,Vulnerable,1.46,kg,11.13,Land,Land Border Crossing,Interpol-supported Joint Operation,2,Released - Insufficient Evidence,-30.5595,22.9375,46.2276,2.2137
WLC-0498,15-12-2024,2024,12,Asia,Vietnam,Singapore,African Elephant,Mammal,Ivory,Endangered,5.67,kg,9500.26,Land,International Airport,Port Authority Task Force,1,Convicted,14.0583,108.2772,1.3521,103.8198
WLC-0860,16-12-2024,2024,12,Asia,Vietnam,Japan,Grey Parrot,Bird,Live Animal,Endangered,3,live individual,3590.86,Land,Seaport / Container Terminal,Interpol-supported Joint Operation,4,Closed - No Arrest,14.0583,108.2772,36.2048,138.2529
WLC-0139,18-12-2024,2024,12,Africa,Mozambique,Japan,Pangolin (African),Mammal,Bushmeat,Endangered,14.06,kg,248.59,Land,Urban Wildlife Market,National Parks & Wildlife Service,3,Closed - No Arrest,-18.6657,35.5296,36.2048,138.2529
WLC-0476,19-12-2024,2024,12,Africa,Gabon,South Korea,Jaguar,Mammal,Skin/Pelt,Near Threatened,19,piece,48628.79,Sea,Private Residence,Customs & Border Protection,3,Case Dismissed,-0.8037,11.6094,35.9078,127.7669
WLC-0556,28-12-2024,2024,12,Latin America,Colombia,France,Black Rhino,Mammal,Horn,Critically Endangered,3.16,kg,277272.66,Sea,Land Border Crossing,Port Authority Task Force,0,Convicted,4.5709,-74.2973,46.2276,2.2137
